time,total,car,bus,bike,truck,:middle_junction_11_1_queue,:middle_junction_11_2_queue,:middle_junction_16_1_queue,:middle_junction_16_2_queue,:middle_junction_1_1_queue,:middle_junction_1_2_queue,:middle_junction_6_1_queue,:middle_junction_6_2_queue,east_middle_road_1_queue,east_middle_road_2_queue,middle_east_road_1_queue,middle_east_road_2_queue,middle_north_road_1_queue,middle_north_road_2_queue,middle_south_road_1_queue,middle_south_road_2_queue,middle_west_road_1_queue,middle_west_road_2_queue,north_middle_road_1_queue,north_middle_road_2_queue,south_middle_road_1_queue,south_middle_road_2_queue,west_middle_road_1_queue,west_middle_road_2_queue,east_green,east_yellow,east_red,south_green,south_yellow,south_red,west_green,west_yellow,west_red,north_green,north_yellow,north_red
10,0,0,0,0,0,0,0,0,0,0,0,0,0,0,0,0,0,0,0,0,0,0,0,0,0,0,0,0,0,10,0.5,1,10,0.5,1,10,0.5,1,10,0.5,1
20,0,0,0,0,0,0,0,0,0,0,0,0,0,0,0,0,0,0,0,0,0,0,0,0,0,0,0,0,0,10,0.5,1,10,0.5,1,10,0.5,1,10,0.5,1
30,0,0,0,0,0,0,0,0,0,0,0,0,0,0,0,0,0,0,0,0,0,0,0,0,0,0,0,0,0,10,0.5,1,10,0.5,1,10,0.5,1,10,0.5,1
40,0,0,0,0,0,0,0,0,0,0,0,0,0,0,0,0,0,0,0,0,0,0,0,0,0,0,0,0,0,10,0.5,1,10,0.5,1,10,0.5,1,10,0.5,1
50,0,0,0,0,0,0,0,0,0,0,0,0,0,0,0,0,0,0,0,0,0,0,0,0,0,0,0,0,0,10,0.5,1,10,0.5,1,10,0.5,1,10,0.5,1
60,0,0,0,0,0,0,0,0,0,0,0,0,0,0,0,0,0,0,0,0,0,0,0,0,0,0,0,0,0,10,0.5,1,10,0.5,1,10,0.5,1,10,0.5,1
70,0,0,0,0,0,0,0,0,0,0,0,0,0,0,0,0,0,0,0,0,0,0,0,0,0,0,0,0,0,10,0.5,1,10,0.5,1,10,0.5,1,10,0.5,1
80,0,0,0,0,0,0,0,0,0,0,0,0,0,0,0,0,0,0,0,0,0,0,0,0,0,0,0,0,0,10,0.5,1,10,0.5,1,10,0.5,1,10,0.5,1
90,0,0,0,0,0,0,0,0,0,0,0,0,0,0,0,0,0,0,0,0,0,0,0,0,0,0,0,0,0,10,0.5,1,10,0.5,1,10,0.5,1,10,0.5,1
100,0,0,0,0,0,0,0,0,0,0,0,0,0,0,0,0,0,0,0,0,0,0,0,0,0,0,0,0,0,10,0.5,1,10,0.5,1,10,0.5,1,10,0.5,1
110,0,0,0,0,0,0,0,0,0,0,0,0,0,0,0,0,0,0,0,0,0,0,0,0,0,0,0,0,0,10,0.5,1,10,0.5,1,10,0.5,1,10,0.5,1
120,0,0,0,0,0,0,0,0,0,0,0,0,0,0,0,0,0,0,0,0,0,0,0,0,0,0,0,0,0,10,0.5,1,10,0.5,1,10,0.5,1,10,0.5,1
130,1,0,0,1,0,0,0,0,0,0,0,0,0,0,0,0,0,0,0,0,0,0,0,0,0,0,0,0,0,10,0.5,1,10,0.5,1,10,0.5,1,10,0.5,1
140,3,0,1,2,0,0,0,0,0,0,0,0,0,0,0,0,0,0,0,0,0,0,0,0,0,0,0,0,0,10,0.5,1,10,0.5,1,10,0.5,1,10,0.5,1
150,4,0,1,3,0,0,0,0,0,0,0,0,0,0,0,0,0,0,0,0,0,0,0,0,0,0,0,0,0,10,0.5,1,10,0.5,1,10,0.5,1,10,0.5,1
160,4,0,1,3,0,0,0,0,0,0,0,0,0,0,0,0,0,0,0,0,0,0,0,0,0,0,0,1.0,0,10,0.5,1,10,0.5,1,10,0.5,1,10,0.5,1
170,5,0,2,3,0,0,0,0,0,0,0,0,0,0,0,0,0,0,0,0,0,0,0,0,0,0,0,1.0,0,10,0.5,1,10,0.5,1,10,0.5,1,10,0.5,1
180,5,0,2,3,0,0,0,0,0,0,0,0,0,0,0,0,0,0,0,0,0,0,0,0,1.0,0,0,1.0,0,10,0.5,1,10,0.5,1,10,0.5,1,10,0.5,1
190,6,0,2,4,0,0,0,0,0,0,0,0,0,0,0,0,0,0,0,0,0,0,0,0,1.0,1.0,0,1.0,0,10,0.5,1,10,0.5,1,10,0.5,1,10,0.5,1
200,7,0,2,5,0,0,0,0,0,0,0,0,0,0,0,0,0,0,0,0,0,0,0,0,1.0,1.0,0,1.0,0,10,0.5,1,10,0.5,1,10,0.5,1,10,0.5,1
210,7,0,2,5,0,0,0,0,0,0,0,0,0,0,0,0,0,0,0,0,0,0,0,0,1.0,1.0,0,1.0,1.0,10,0.5,1,10,0.5,1,10,0.5,1,10,0.5,1
220,8,1,2,5,0,0,0,0,0,0,0,0,0,0,0,0,0,0,0,0,0,0,0,0,1.0,1.0,0,1.0,1.0,10,0.5,1,10,0.5,1,10,0.5,1,10,0.5,1
230,8,1,2,5,0,0,0,0,0,0,0,0,0,0,0,0,0,0,0,0,0,0,0,0,1.0,1.0,0,1.0,1.0,10,0.5,1,10,0.5,1,10,0.5,1,10,0.5,1
240,8,1,2,5,0,0,0,0,0,0,0,0,0,0,0,0,0,0,0,0,0,0,0,0,1.0,1.0,1.0,1.0,1.0,10,0.5,1,10,0.5,1,10,0.5,1,10,0.5,1
250,8,1,2,5,0,0,0,0,0,0,0,0,0,0,0,0,0,0,0,0,0,0,0,0,1.0,1.0,1.0,1.0,8.55,10,0.5,1,10,0.5,1,10,0.5,1,10,0.5,1
260,9,1,2,6,0,0,0,0,0,0,0,0,0,0,0,0,0,0,0,0,0,0,0,0,1.0,1.0,1.0,1.0,8.52,10,0.5,1,10,0.5,1,10,0.5,1,10,0.5,1
270,11,3,2,6,0,0,0,0,0,0,0,0,0,0,0,0,0,0,0,0,0,0,0,0,1.0,1.0,1.0,1.0,13.27,10,0.5,1,10,0.5,1,10,0.5,1,10,0.5,1
280,11,3,2,6,0,0,0,0,0,0,0,0,0,0,0,0,0,0,0,0,0,0,0,0,1.0,1.0,1.0,1.0,13.23,10,0.5,1,10,0.5,1,10,0.5,1,10,0.5,1
290,11,3,2,6,0,0,0,0,0,0,0,0,0,0,0,0,0,0,0,0,0,0,0,0,1.0,5.75,1.0,1.0,13.21,10,0.5,1,10,0.5,1,10,0.5,1,10,0.5,1
300,12,3,2,6,1,0,0,0,0,0,0,0,0,0,0,0,0,0,0,0,0,0,0,0,1.0,5.72,1.0,1.0,13.21,10,0.5,1,10,0.5,1,10,0.5,1,10,0.5,1
310,12,3,2,6,1,0,0,0,0,0,0,0,0,0,0,0,0,0,0,0,0,0,0,0,1.0,5.71,1.0,1.0,13.2,10,0.5,1,10,0.5,1,10,0.5,1,10,0.5,1
320,13,4,2,6,1,0,0,0,0,0,0,0,0,0,0,0,0,0,0,0,0,0,0,0,1.0,5.7,1.0,5.77,13.2,10,0.5,1,10,0.5,1,10,0.5,1,10,0.5,1
330,15,5,2,7,1,0,0,0,0,0,0,0,0,0,0,0,0,0,0,0,0,0,0,0,1.0,5.7,1.0,5.72,13.2,10,0.5,1,10,0.5,1,10,0.5,1,10,0.5,1
340,15,5,2,7,1,0,0,0,0,0,0,0,0,0,0,0,0,0,0,0,0,0,0,0,1.0,5.7,1.0,5.71,13.2,10,0.5,1,10,0.5,1,10,0.5,1,10,0.5,1
350,16,4,2,8,2,0,0,0,0,0,0,0,0,0,0,0,0,0,0,0,0,0,0,1.0,1.0,5.7,1.0,5.7,13.2,10,0.5,1,10,0.5,1,10,0.5,1,10,0.5,1
360,14,3,2,7,2,0,0,0,0,0,0,0,0,0,1.0,0,0,0,0,0,0,0,0,1.0,1.0,0,0,10.47,13.2,10,0.5,1,10,0.5,1,10,0.5,1,10,0.5,1
370,14,3,2,7,2,0,0,0,0,0,0,0,0,0,1.0,0,0,0,0,0,0,0,0,1.0,1.0,0,0,10.43,13.2,10,0.5,1,10,0.5,1,10,0.5,1,10,0.5,1
380,15,3,2,8,2,0,0,0,0,0,0,0,0,0,1.0,0,0,0,0,0,0,0,0,1.0,1.0,0,0,10.41,17.95,10,0.5,1,10,0.5,1,10,0.5,1,10,0.5,1
390,16,3,2,9,2,0,0,0,0,0,0,0,0,0,1.0,0,0,0,0,0,0,0,0,1.0,1.0,0,0,10.41,17.92,10,0.5,1,10,0.5,1,10,0.5,1,10,0.5,1
400,18,3,2,11,2,0,0,0,0,0,0,0,0,0,1.0,0,0,0,0,0,0,0,0,1.0,1.0,0,0,10.4,25.46,10,0.5,1,10,0.5,1,10,0.5,1,10,0.5,1
410,18,3,2,11,2,0,0,0,0,0,0,0,0,0,1.0,0,0,0,0,0,0,0,0,1.0,1.0,0,0,10.4,25.43,10,0.5,1,10,0.5,1,10,0.5,1,10,0.5,1
420,16,3,2,9,2,0,0,0,0,0,0,0,0,0,1.0,0,0,0,0,0,0,0,0,10.66,1.0,0,0,10.4,25.41,10,0.5,1,10,0.5,1,10,0.5,1,10,0.5,1
430,18,3,2,11,2,0,0,0,0,0,0,0,0,1.0,1.0,0,0,0,0,0,0,0,0,10.62,1.0,0,0,10.4,25.41,10,0.5,1,10,0.5,1,10,0.5,1,10,0.5,1
440,19,3,3,11,2,0,0,0,0,0,0,0,0,1.0,5.78,0,0,0,0,0,0,0,0,10.61,1.0,0,0,10.4,25.41,10,0.5,1,10,0.5,1,10,0.5,1,10,0.5,1
450,19,2,3,12,2,0,0,0,0,0,0,0,0,1.0,5.73,0,0,0,0,0,0,0,0,20.3,1.0,0,0,10.4,25.41,10,0.5,1,10,0.5,1,10,0.5,1,10,0.5,1
460,19,2,3,12,2,0,0,0,0,0,0,0,0,1.0,5.71,0,0,0,0,0,0,0,0,20.24,1.0,0,0,10.4,25.41,10,0.5,1,10,0.5,1,10,0.5,1,10,0.5,1
470,21,2,3,14,2,0,0,0,0,0,0,0,0,1.0,5.71,0,0,0,0,0,0,0,0,20.22,1.0,0,0,10.4,25.41,10,0.5,1,10,0.5,1,10,0.5,1,10,0.5,1
480,21,2,3,14,2,0,0,0,0,0,0,0,0,1.0,5.7,0,0,0,0,0,0,0,0,24.98,1.0,0,0,17.96,25.41,10,0.5,1,10,0.5,1,10,0.5,1,10,0.5,1
490,22,2,3,15,2,0,0,0,0,0,0,0,0,1.0,5.7,0,0,0,0,0,0,0,0,24.93,1.0,0,0,17.92,25.41,10,0.5,1,10,0.5,1,10,0.5,1,10,0.5,1
500,23,2,3,16,2,0,0,0,0,0,0,0,0,1.0,5.7,0,0,0,0,0,0,0,0,24.91,1.0,0,0,17.91,25.41,10,0.5,1,10,0.5,1,10,0.5,1,10,0.5,1
510,23,2,3,16,2,0,0,0,0,0,0,0,0,1.0,10.48,0,0,0,0,0,0,0,0,24.91,8.57,0,0,17.91,25.41,10,0.5,1,10,0.5,1,10,0.5,1,10,0.5,1
520,23,2,3,16,2,0,0,0,0,0,0,0,0,1.0,10.43,0,0,0,0,0,0,0,0,29.64,8.53,0,0,17.9,25.41,10,0.5,1,10,0.5,1,10,0.5,1,10,0.5,1
530,22,2,3,15,2,0,0,0,0,0,0,0,0,1.0,10.41,0,0,0,0,0,0,0,0,29.62,8.51,0,0,17.9,25.41,10,0.5,1,10,0.5,1,10,0.5,1,10,0.5,1
540,21,2,3,14,2,0,0,0,0,0,0,0,0,1.0,10.41,0,0,0,0,0,0,0,0,29.61,8.51,0,0,22.65,25.41,10,0.5,1,10,0.5,1,10,0.5,1,10,0.5,1
550,21,2,3,14,2,0,0,0,0,0,0,0,0,1.0,10.4,0,0,0,0,0,0,0,0,29.61,8.5,0,0,22.62,25.41,10,0.5,1,10,0.5,1,10,0.5,1,10,0.5,1
560,23,2,3,16,2,0,0,0,0,0,0,0,0,1.0,10.4,0,0,0,0,0,0,0,0,29.61,8.5,0,0,22.61,25.41,10,0.5,1,10,0.5,1,10,0.5,1,10,0.5,1
570,23,2,3,16,2,0,0,0,0,0,0,0,0,1.0,10.4,0,0,0,0,0,0,0,0,29.61,8.5,0,0,22.61,25.41,10,0.5,1,10,0.5,1,10,0.5,1,10,0.5,1
580,23,2,3,16,2,0,0,0,0,0,0,0,0,1.0,10.4,0,0,0,0,0,0,0,0,29.61,8.5,0,0,22.61,25.41,10,0.5,1,10,0.5,1,10,0.5,1,10,0.5,1
590,23,2,3,16,2,0,0,0,0,0,0,0,0,1.0,10.4,0,0,0,0,0,0,0,0,29.61,8.5,0,0,22.61,25.41,10,0.5,1,10,0.5,1,10,0.5,1,10,0.5,1
600,23,2,3,16,2,0,0,0,0,0,0,0,0,1.0,10.4,0,0,0,0,0,0,0,0,29.61,8.5,0,0,22.61,25.41,10,0.5,1,10,0.5,1,10,0.5,1,10,0.5,1
610,24,2,3,17,2,0,0,0,0,0,0,0,0,1.0,10.4,0,0,0,0,0,0,0,0,29.61,8.5,0,0,22.61,25.41,10,0.5,1,10,0.5,1,10,0.5,1,10,0.5,1
620,23,2,3,16,2,0,0,0,0,0,0,0,0,1.0,10.4,0,0,0,0,0,0,0,0,29.61,8.5,0,0,22.61,25.41,10,0.5,1,10,0.5,1,10,0.5,1,10,0.5,1
630,22,2,3,15,2,0,0,0,0,0,0,0,0,1.0,10.4,0,0,0,0,0,0,0,0,29.61,8.5,0,0,22.61,25.41,10,0.5,1,10,0.5,1,10,0.5,1,10,0.5,1
640,23,2,3,16,2,0,0,0,0,0,0,0,0,1.0,10.4,0,0,0,0,0,0,0,0,29.61,8.5,0,0,22.61,25.41,10,0.5,1,10,0.5,1,10,0.5,1,10,0.5,1
650,23,2,3,16,2,0,0,0,0,0,0,0,0,1.0,10.4,0,0,0,0,0,0,0,0,29.61,8.5,0,0,22.61,25.41,10,0.5,1,10,0.5,1,10,0.5,1,10,0.5,1
660,23,2,3,16,2,0,0,0,0,0,0,0,0,1.0,10.4,0,0,0,0,0,0,0,0,29.61,8.5,0,0,22.61,25.41,10,0.5,1,10,0.5,1,10,0.5,1,10,0.5,1
670,22,2,3,15,2,0,0,0,0,0,0,0,0,1.0,10.4,0,0,0,0,0,0,0,0,29.61,13.28,0,0,22.61,25.41,10,0.5,1,10,0.5,1,10,0.5,1,10,0.5,1
680,22,2,3,15,2,0,0,0,0,0,0,0,0,1.0,10.4,0,0,0,0,0,0,0,0,29.61,13.23,0,0,22.61,25.41,10,0.5,1,10,0.5,1,10,0.5,1,10,0.5,1
690,23,2,3,16,2,0,0,0,0,0,0,0,0,1.0,10.4,0,0,0,0,0,0,0,0,29.61,13.21,0,0,22.61,25.41,10,0.5,1,10,0.5,1,10,0.5,1,10,0.5,1
700,24,2,3,16,3,0,0,0,0,0,0,0,0,1.0,10.4,0,0,0,0,0,0,0,0,29.61,13.21,0,0,22.61,25.41,10,0.5,1,10,0.5,1,10,0.5,1,10,0.5,1
710,24,2,2,17,3,0,0,0,0,0,0,0,0,1.0,10.4,0,0,0,0,0,0,0,0,29.61,13.2,0,0,22.6,25.4,10,0.5,1,10,0.5,1,10,0.5,1,10,0.5,1
720,25,2,2,18,3,0,0,0,0,0,0,0,0,1.0,10.4,0,0,0,0,0,0,0,0,29.61,13.2,0,0,0,0,10,0.5,1,10,0.5,1,10,0.5,1,10,0.5,1
730,27,3,2,19,3,0,0,0,0,0,0,0,0,1.0,10.4,0,0,0,0,0,0,0,0,29.61,13.2,0,0,0,0,10,0.5,1,10,0.5,1,10,0.5,1,10,0.5,1
740,28,3,2,20,3,0,0,0,0,0,0,0,0,1.0,10.4,0,0,0,0,0,0,0,0,29.61,13.2,0,0,0,0,10,0.5,1,10,0.5,1,10,0.5,1,10,0.5,1
750,29,3,2,21,3,0,0,0,0,0,0,0,0,1.0,10.4,0,0,0,0,0,0,0,0,29.61,17.94,0,0,0,0,10,0.5,1,10,0.5,1,10,0.5,1,10,0.5,1
760,30,3,3,21,3,0,0,0,0,0,0,0,0,1.0,17.96,0,0,0,0,0,0,0,0,34.37,17.92,0,0,0,0,10,0.5,1,10,0.5,1,10,0.5,1,10,0.5,1
770,31,2,4,22,3,0,0,0,0,0,0,0,0,5.78,17.92,0,0,0,0,0,0,0,0,34.33,17.91,0,0,0,0,10,0.5,1,10,0.5,1,10,0.5,1,10,0.5,1
780,34,3,5,23,3,0,0,0,0,0,0,0,0,5.74,17.91,0,0,0,0,0,0,0,0,34.31,22.67,0,0,0,0,10,0.5,1,10,0.5,1,10,0.5,1,10,0.5,1
790,34,3,4,24,3,0,0,0,0,0,0,0,0,5.72,27.55,0,0,0,0,0,0,0,0,34.31,22.63,0,0,0,0,10,0.5,1,10,0.5,1,10,0.5,1,10,0.5,1
800,36,4,4,25,3,0,0,0,0,0,0,0,0,10.45,27.52,0,0,0,0,0,0,0,0,34.31,22.61,0,0,0,0,10,0.5,1,10,0.5,1,10,0.5,1,10,0.5,1
810,36,3,4,26,3,0,0,0,0,0,0,0,0,10.42,35.11,0,0,0,0,0,0,0,0,34.31,22.61,0,0,0,0,10,0.5,1,10,0.5,1,10,0.5,1,10,0.5,1
820,35,4,4,24,3,0,0,0,0,0,0,0,0,15.16,35.04,0,0,0,0,0,0,0,0,34.31,22.61,1.0,1.0,0,0,10,0.5,1,10,0.5,1,10,0.5,1,10,0.5,1
830,37,4,4,26,3,0,0,0,0,0,0,0,0,19.92,35.02,0,0,0,0,0,0,0,0,34.31,22.61,1.0,1.0,0,0,10,0.5,1,10,0.5,1,10,0.5,1,10,0.5,1
840,37,3,4,27,3,0,0,0,0,0,0,0,0,19.85,35.01,0,0,0,0,0,0,0,0,34.31,22.61,1.0,1.0,0,0,10,0.5,1,10,0.5,1,10,0.5,1,10,0.5,1
850,37,4,4,26,3,0,0,0,0,0,0,0,0,24.6,35.01,0,0,0,0,0,0,0,0,34.31,27.36,1.0,1.0,0,0,10,0.5,1,10,0.5,1,10,0.5,1,10,0.5,1
860,39,5,4,27,3,0,0,0,0,0,0,0,0,24.55,35.01,0,0,0,0,0,0,0,0,34.31,27.32,1.0,1.0,0,0,10,0.5,1,10,0.5,1,10,0.5,1,10,0.5,1
870,39,5,4,27,3,0,0,0,0,0,0,0,0,29.28,35.01,0,0,0,0,0,0,0,0,34.31,27.31,1.0,1.0,0,0,10,0.5,1,10,0.5,1,10,0.5,1,10,0.5,1
880,39,5,4,27,3,0,0,0,0,0,0,0,0,29.24,35.01,0,0,0,0,0,0,0,0,34.31,27.31,1.0,1.0,0,0,10,0.5,1,10,0.5,1,10,0.5,1,10,0.5,1
890,38,4,3,28,3,0,0,0,0,0,0,0,0,33.98,35.01,0,0,0,0,0,0,0,0,34.31,27.31,1.0,1.0,0,0,10,0.5,1,10,0.5,1,10,0.5,1,10,0.5,1
900,40,5,3,28,4,0,0,0,0,0,0,0,0,33.94,35.01,0,0,0,0,0,0,0,0,34.31,27.31,5.77,1.0,0,0,10,0.5,1,10,0.5,1,10,0.5,1,10,0.5,1
910,40,6,3,27,4,0,0,0,0,0,0,0,0,33.92,35.01,0,0,0,0,0,0,0,0,34.31,27.31,5.73,1.0,0,0,10,0.5,1,10,0.5,1,10,0.5,1,10,0.5,1
920,39,6,4,25,4,0,0,0,0,0,0,0,0,33.91,35.01,0,0,0,0,0,0,0,0,34.31,27.31,13.26,1.0,0,0,10,0.5,1,10,0.5,1,10,0.5,1,10,0.5,1
930,41,7,4,26,4,0,0,0,0,0,0,0,0,33.91,35.01,0,0,0,0,0,0,0,0,34.31,27.31,28.36,1.0,0,0,10,0.5,1,10,0.5,1,10,0.5,1,10,0.5,1
940,40,6,4,26,4,0,0,0,0,0,0,0,0,33.91,35.01,0,0,0,0,0,0,0,0,34.31,27.31,28.25,1.0,0,0,10,0.5,1,10,0.5,1,10,0.5,1,10,0.5,1
950,40,6,4,26,4,0,0,0,0,0,0,0,0,33.91,35.01,0,0,0,0,0,0,0,0,34.31,27.31,28.22,1.0,0,0,10,0.5,1,10,0.5,1,10,0.5,1,10,0.5,1
960,39,6,4,25,4,0,0,0,0,0,0,0,0,33.91,35.01,0,0,0,0,0,0,0,0,34.31,32.04,13.21,1.0,0,0,10,0.5,1,10,0.5,1,10,0.5,1,10,0.5,1
970,39,6,4,26,3,0,0,0,0,0,0,0,0,33.91,35.01,0,0,0,0,0,0,0,0,34.31,32.02,13.2,1.0,0,0,10,0.5,1,10,0.5,1,10,0.5,1,10,0.5,1
980,40,6,4,27,3,0,0,0,0,0,0,0,0,33.91,35.01,0,0,0,0,0,0,0,0,34.31,32.01,13.2,1.0,0,0,10,0.5,1,10,0.5,1,10,0.5,1,10,0.5,1
990,39,6,4,26,3,0,0,0,0,0,0,0,0,33.91,35.01,0,0,0,0,0,0,0,0,34.31,32.01,13.2,1.0,0,0,10,0.5,1,10,0.5,1,10,0.5,1,10,0.5,1
1000,38,6,4,25,3,0,0,0,0,0,0,0,0,33.91,35.01,0,0,0,0,0,0,0,0,34.31,32.01,19.32,1.0,0,0,10,0.5,1,10,0.5,1,10,0.5,1,10,0.5,1
1010,37,5,4,25,3,0,0,0,0,0,0,0,0,33.91,35.01,0,0,0,0,0,0,0,0,34.31,32.01,19.32,1.0,0,0,10,0.5,1,10,0.5,1,10,0.5,1,10,0.5,1
1020,40,7,4,26,3,0,0,0,0,0,0,0,0,33.91,35.01,0,0,0,0,0,0,0,0,34.31,32.01,19.32,1.0,0,1.0,10,0.5,1,10,0.5,1,10,0.5,1,10,0.5,1
1030,40,7,4,26,3,0,0,0,0,0,0,0,0,33.91,35.01,0,0,0,0,0,0,0,0,34.31,32.01,26.88,1.0,0,1.0,10,0.5,1,10,0.5,1,10,0.5,1,10,0.5,1
1040,40,7,4,26,3,0,0,0,0,0,0,0,0,33.91,35.01,0,0,0,0,0,0,0,0,34.31,32.01,26.84,1.0,0,1.0,10,0.5,1,10,0.5,1,10,0.5,1,10,0.5,1
1050,40,7,4,26,3,0,0,0,0,0,0,0,0,33.91,35.01,0,0,0,0,0,0,0,0,34.31,32.01,26.83,1.0,0,1.0,10,0.5,1,10,0.5,1,10,0.5,1,10,0.5,1
1060,39,7,3,26,3,0,0,0,0,0,0,0,0,33.91,35.01,0,0,0,0,0,0,0,0,34.31,32.01,31.57,1.0,1.0,5.78,10,0.5,1,10,0.5,1,10,0.5,1,10,0.5,1
1070,38,7,3,25,3,0,0,0,0,0,0,0,0,33.91,35.01,0,0,0,0,0,0,0,0,34.3,32.01,31.54,1.0,1.0,5.73,10,0.5,1,10,0.5,1,10,0.5,1,10,0.5,1
1080,40,8,3,26,3,0,0,0,0,0,0,0,0,33.91,35.01,0,0,0,0,0,0,0,0,0,31.97,31.53,1.0,1.0,5.71,10,0.5,1,10,0.5,1,10,0.5,1,10,0.5,1
1090,39,8,3,25,3,0,0,0,0,0,0,0,0,33.91,35.01,0,0,0,0,0,0,0,0,0,0,31.52,1.0,1.0,10.47,10,0.5,1,10,0.5,1,10,0.5,1,10,0.5,1
1100,38,8,3,24,3,0,0,0,0,0,0,0,0,33.91,35.01,0,0,0,0,0,0,0,0,0,0,31.52,1.0,1.0,10.43,10,0.5,1,10,0.5,1,10,0.5,1,10,0.5,1
1110,39,8,4,24,3,0,0,0,0,0,0,0,0,33.91,35.01,0,0,0,0,0,0,0,0,0,0,31.52,1.0,1.0,17.98,10,0.5,1,10,0.5,1,10,0.5,1,10,0.5,1
1120,39,8,4,24,3,0,0,0,0,0,0,0,0,33.91,35.01,0,0,0,0,0,0,0,0,0,0,31.52,1.0,1.0,17.93,10,0.5,1,10,0.5,1,10,0.5,1,10,0.5,1
1130,40,9,3,25,3,0,0,0,0,0,0,0,0,33.91,35.01,0,0,0,0,0,0,0,0,0,0,31.52,1.0,1.0,22.68,10,0.5,1,10,0.5,1,10,0.5,1,10,0.5,1
1140,41,10,3,25,3,0,0,0,0,0,0,0,0,33.91,35.01,0,0,0,0,0,0,0,0,0,0,31.52,1.0,8.56,22.64,10,0.5,1,10,0.5,1,10,0.5,1,10,0.5,1
1150,41,10,3,25,3,0,0,0,0,0,0,0,0,33.91,35.01,0,0,0,0,0,0,0,0,0,0,31.52,1.0,8.52,22.62,10,0.5,1,10,0.5,1,10,0.5,1,10,0.5,1
1160,41,11,2,25,3,0,0,0,0,0,0,0,0,33.91,35.01,0,0,0,0,0,0,0,0,0,0,31.52,1.0,8.51,22.61,10,0.5,1,10,0.5,1,10,0.5,1,10,0.5,1
1170,41,11,2,26,2,0,0,0,0,0,0,0,0,33.91,35.01,0,0,0,0,0,0,0,0,0,0,31.52,1.0,8.5,22.61,10,0.5,1,10,0.5,1,10,0.5,1,10,0.5,1
1180,39,11,2,25,1,0,0,0,0,0,0,0,0,33.91,35.01,0,0,0,0,0,0,0,0,0,0,31.52,1.0,8.5,22.61,10,0.5,1,10,0.5,1,10,0.5,1,10,0.5,1
1190,39,11,3,24,1,0,0,0,0,0,0,0,0,33.91,35.01,0,0,0,0,0,0,0,0,0,0,31.52,1.0,8.5,22.61,10,0.5,1,10,0.5,1,10,0.5,1,10,0.5,1
1200,38,11,3,23,1,0,0,0,0,0,0,0,0,33.91,35.01,0,0,0,0,0,0,0,0,0,0,31.52,1.0,8.5,22.61,10,0.5,1,10,0.5,1,10,0.5,1,10,0.5,1
1210,37,11,3,22,1,0,0,0,0,0,0,0,0,33.91,35.01,0,0,0,0,0,0,0,0,0,0,31.52,1.0,13.24,22.61,10,0.5,1,10,0.5,1,10,0.5,1,10,0.5,1
1220,39,12,2,24,1,0,0,0,0,0,0,0,0,33.91,35.01,0,0,0,0,0,0,0,0,0,0,31.52,1.0,13.21,22.61,10,0.5,1,10,0.5,1,10,0.5,1,10,0.5,1
1230,40,12,2,25,1,0,0,0,0,0,0,0,0,33.91,35.01,0,0,0,0,0,0,0,0,0,0,31.52,1.0,13.21,22.61,10,0.5,1,10,0.5,1,10,0.5,1,10,0.5,1
1240,38,12,3,22,1,0,0,0,0,0,0,0,0,33.91,35.01,0,0,0,0,0,0,0,0,0,0,31.52,1.0,13.2,22.61,10,0.5,1,10,0.5,1,10,0.5,1,10,0.5,1
1250,38,12,3,22,1,0,0,0,0,0,0,0,0,33.91,35.01,0,0,0,0,0,0,0,0,0,0,31.52,1.0,13.2,22.61,10,0.5,1,10,0.5,1,10,0.5,1,10,0.5,1
1260,36,11,3,21,1,0,0,0,0,0,0,0,0,33.91,35.01,0,0,0,0,0,0,0,0,0,0,31.52,1.0,13.2,22.61,10,0.5,1,10,0.5,1,10,0.5,1,10,0.5,1
1270,36,11,3,21,1,0,0,0,0,0,0,0,0,33.91,35.01,0,0,0,0,0,0,0,0,0,0,31.52,1.0,13.2,22.61,10,0.5,1,10,0.5,1,10,0.5,1,10,0.5,1
1280,38,11,3,22,2,0,0,0,0,0,0,0,0,33.91,35.01,0,0,0,0,0,0,0,0,0,0,31.52,1.0,13.2,22.61,10,0.5,1,10,0.5,1,10,0.5,1,10,0.5,1
1290,37,11,3,21,2,0,0,0,0,0,0,0,0,33.91,35.01,0,0,0,0,0,0,0,0,0,0,31.52,1.0,20.78,22.61,10,0.5,1,10,0.5,1,10,0.5,1,10,0.5,1
1300,37,11,3,21,2,0,0,0,0,0,0,0,0,33.91,35.01,0,0,0,0,0,0,0,0,0,0,31.52,1.0,20.73,22.61,10,0.5,1,10,0.5,1,10,0.5,1,10,0.5,1
1310,35,11,3,19,2,0,0,0,0,0,0,0,0,33.91,35.01,0,0,0,0,0,0,0,0,0,0,31.52,1.0,20.71,22.61,10,0.5,1,10,0.5,1,10,0.5,1,10,0.5,1
1320,35,11,3,19,2,0,0,0,0,0,0,0,0,33.91,35.01,0,0,0,0,0,0,0,0,0,0,31.52,1.0,20.71,22.61,10,0.5,1,10,0.5,1,10,0.5,1,10,0.5,1
1330,34,10,3,19,2,0,0,0,0,0,0,0,0,33.91,35.01,0,0,0,0,0,0,0,0,0,0,31.52,1.0,20.71,22.61,10,0.5,1,10,0.5,1,10,0.5,1,10,0.5,1
1340,33,10,2,19,2,0,0,0,0,0,0,0,0,33.91,35.01,0,0,0,0,0,0,0,0,0,0,31.52,1.0,20.7,22.61,10,0.5,1,10,0.5,1,10,0.5,1,10,0.5,1
1350,33,10,2,19,2,0,0,0,0,0,0,0,0,33.91,35.01,0,0,0,0,0,0,0,0,0,0,31.52,8.57,20.7,22.61,10,0.5,1,10,0.5,1,10,0.5,1,10,0.5,1
1360,33,10,2,19,2,0,0,0,0,0,0,0,0,33.91,35.01,0,0,0,0,0,0,0,0,0,0,31.52,8.53,20.7,22.61,10,0.5,1,10,0.5,1,10,0.5,1,10,0.5,1
1370,34,10,2,20,2,0,0,0,0,0,0,0,0,33.91,35.01,0,0,0,0,0,0,0,0,0,0,31.52,8.51,20.7,22.61,10,0.5,1,10,0.5,1,10,0.5,1,10,0.5,1
1380,34,9,3,20,2,0,0,0,0,0,0,0,0,33.91,35.01,0,0,0,0,0,0,0,0,0,0,31.52,8.51,20.7,22.61,10,0.5,1,10,0.5,1,10,0.5,1,10,0.5,1
1390,33,9,3,19,2,0,0,0,0,0,0,0,0,33.91,35.01,0,0,0,0,0,0,0,0,0,0,31.52,8.5,20.7,22.61,10,0.5,1,10,0.5,1,10,0.5,1,10,0.5,1
1400,33,9,3,19,2,0,0,0,0,0,0,0,0,33.91,35.01,0,0,0,0,0,0,0,0,0,0,31.52,8.5,20.7,22.61,10,0.5,1,10,0.5,1,10,0.5,1,10,0.5,1
1410,32,9,3,18,2,0,0,0,0,0,0,0,0,33.91,35.01,0,0,0,0,0,0,0,0,0,0,31.52,8.5,25.46,22.61,10,0.5,1,10,0.5,1,10,0.5,1,10,0.5,1
1420,32,9,3,18,2,0,0,0,0,0,0,0,0,33.91,0,0,0,0,0,0,0,0,0,0,0,31.52,8.5,25.42,22.61,10,0.5,1,10,0.5,1,10,0.5,1,10,0.5,1
1430,32,9,4,17,2,0,0,0,0,0,0,0,0,33.87,0,0,0,0,0,0,0,0,0,0,0,31.52,8.5,25.41,22.61,10,0.5,1,10,0.5,1,10,0.5,1,10,0.5,1
1440,32,9,3,18,2,0,0,0,0,0,0,0,0,0,0,0,0,0,0,0,0,0,0,0,0,31.52,18.17,25.41,22.61,10,0.5,1,10,0.5,1,10,0.5,1,10,0.5,1
1450,34,9,4,19,2,0,0,0,0,0,0,0,0,0,0,0,0,0,0,0,0,0,0,0,0,31.52,18.13,25.41,22.61,10,0.5,1,10,0.5,1,10,0.5,1,10,0.5,1
1460,32,9,4,17,2,0,0,0,0,0,0,0,0,0,0,0,0,0,0,0,0,0,0,0,0,31.52,18.11,25.41,22.61,10,0.5,1,10,0.5,1,10,0.5,1,10,0.5,1
1470,33,10,5,17,1,0,0,0,0,0,0,0,0,0,0,0,0,0,0,0,0,0,0,0,1.0,31.52,18.11,25.41,22.61,10,0.5,1,10,0.5,1,10,0.5,1,10,0.5,1
1480,32,10,5,16,1,0,0,0,0,0,0,0,0,0,0,0,0,0,0,0,0,0,0,0,1.0,31.52,18.1,25.41,22.61,10,0.5,1,10,0.5,1,10,0.5,1,10,0.5,1
1490,31,9,5,15,2,0,0,0,0,0,0,0,0,0,0,0,0,0,0,0,0,0,0,0,1.0,31.52,18.1,25.41,22.61,10,0.5,1,10,0.5,1,10,0.5,1,10,0.5,1
1500,30,9,4,15,2,0,0,0,0,0,0,0,0,0,0,0,0,0,0,0,0,0,0,0,1.0,31.52,18.1,25.41,22.61,10,0.5,1,10,0.5,1,10,0.5,1,10,0.5,1
1510,31,8,4,16,3,0,0,0,0,0,0,0,0,0,0,0,0,0,0,0,0,0,0,0,1.0,31.52,18.1,25.41,22.61,10,0.5,1,10,0.5,1,10,0.5,1,10,0.5,1
1520,32,9,4,15,4,0,0,0,0,0,0,0,0,0,0,0,0,0,0,0,0,0,0,0,8.56,31.52,18.1,25.41,22.61,10,0.5,1,10,0.5,1,10,0.5,1,10,0.5,1
1530,32,11,4,13,4,0,0,0,0,0,0,0,0,0,0,0,0,0,0,0,0,0,0,0,8.52,31.52,18.1,25.41,22.61,10,0.5,1,10,0.5,1,10,0.5,1,10,0.5,1
1540,33,12,4,14,3,0,0,0,0,0,0,0,0,0,0,0,0,0,0,0,0,0,0,0,8.51,31.52,18.1,25.41,22.61,10,0.5,1,10,0.5,1,10,0.5,1,10,0.5,1
1550,35,12,4,17,2,0,0,0,0,0,0,0,0,0,0,0,0,0,0,0,0,0,0,0,8.5,31.52,18.1,25.41,22.61,10,0.5,1,10,0.5,1,10,0.5,1,10,0.5,1
1560,36,10,4,20,2,0,0,0,0,0,0,0,0,0,0,0,0,0,0,0,0,0,0,0,8.5,31.52,18.1,25.41,22.61,10,0.5,1,10,0.5,1,10,0.5,1,10,0.5,1
1570,34,9,4,20,1,0,0,0,0,0,0,0,0,0,0,0,0,0,0,0,0,0,0,0,8.5,31.52,18.1,25.41,22.61,10,0.5,1,10,0.5,1,10,0.5,1,10,0.5,1
1580,37,9,4,22,2,0,0,0,0,0,0,0,0,0,0,0,0,0,0,0,0,0,0,0,16.08,31.52,18.1,25.41,22.61,10,0.5,1,10,0.5,1,10,0.5,1,10,0.5,1
1590,36,10,4,20,2,0,0,0,0,0,0,0,0,0,0,0,0,0,0,0,0,0,0,3.61,16.03,31.52,18.1,25.41,22.61,10,0.5,1,10,0.5,1,10,0.5,1,10,0.5,1
1600,36,11,4,18,3,0,0,0,0,0,0,0,0,0,0,0,0,0,0,0,0,0,0,0,16.01,31.52,25.66,25.41,22.61,10,0.5,1,10,0.5,1,10,0.5,1,10,0.5,1
1610,37,11,4,20,2,0,0,0,0,0,0,0,0,0,0,0,0,0,0,0,0,0,0,3.47,23.55,31.52,25.62,25.41,22.61,10,0.5,1,10,0.5,1,10,0.5,1,10,0.5,1
1620,37,11,4,20,2,0,0,0,0,0,0,0,0,0,0,0,0,0,0,0,0,0,0,3.35,23.52,31.52,25.61,25.41,22.61,10,0.5,1,10,0.5,1,10,0.5,1,10,0.5,1
1630,38,10,4,22,2,0,0,0,0,0,0,0,0,0,0,0,0,0,0,0,0,0,0,0,23.51,31.52,25.61,25.41,22.61,10,0.5,1,10,0.5,1,10,0.5,1,10,0.5,1
1640,37,9,4,22,2,0,0,0,0,0,0,0,0,0,0,0,0,0,0,0,0,0,0,8.12,23.51,31.52,25.6,25.41,22.61,10,0.5,1,10,0.5,1,10,0.5,1,10,0.5,1
1650,37,10,4,21,2,0,0,0,0,0,0,0,0,0,0,0,0,0,0,0,0,0,0,1.67,28.26,31.52,25.6,25.41,22.61,10,0.5,1,10,0.5,1,10,0.5,1,10,0.5,1
1660,37,11,4,20,2,0,0,0,0,0,0,0,0,0,0,0,0,0,0,0,0,0,0,7.03,28.23,31.52,25.6,25.41,22.61,10,0.5,1,10,0.5,1,10,0.5,1,10,0.5,1
1670,36,11,4,19,2,0,0,0,0,0,0,0,0,0,0,0,0,0,0,0,0,0,0,6.81,28.21,31.52,25.6,25.41,22.61,10,0.5,1,10,0.5,1,10,0.5,1,10,0.5,1
1680,37,12,4,19,2,0,0,0,0,0,0,0,0,0,0,0,0,0,0,0,0,0,0,1.67,28.21,31.52,25.6,25.41,22.61,10,0.5,1,10,0.5,1,10,0.5,1,10,0.5,1
1690,36,10,4,20,2,0,0,0,0,0,0,0,0,0,0,0,0,0,0,0,0,0,0,6.66,28.21,31.52,25.6,25.41,22.61,10,0.5,1,10,0.5,1,10,0.5,1,10,0.5,1
1700,37,9,4,21,3,0,0,0,0,0,0,0,0,0,0,0,0,0,0,0,0,0,0,6.54,28.21,31.52,25.6,25.41,22.61,10,0.5,1,10,0.5,1,10,0.5,1,10,0.5,1
1710,36,9,4,21,2,0,0,0,0,0,0,0,0,0,0,0,0,0,0,0,0,0,0,0,28.21,31.52,25.6,25.41,22.61,10,0.5,1,10,0.5,1,10,0.5,1,10,0.5,1
1720,38,11,4,21,2,0,0,0,0,0,0,0,0,0,0,0,0,0,0,0,0,0,0,1.0,28.21,31.52,25.6,25.41,22.61,10,0.5,1,10,0.5,1,10,0.5,1,10,0.5,1
1730,36,11,4,20,1,0,0,0,0,0,0,0,0,1.0,1.0,0,0,0,0,0,0,0,0,1.0,28.21,31.52,25.6,25.41,22.61,10,0.5,1,10,0.5,1,10,0.5,1,10,0.5,1
1740,38,11,4,21,2,0,0,0,0,0,0,0,0,1.0,1.0,0,0,0,0,0,0,0,0,5.75,28.21,31.52,25.6,25.41,22.61,10,0.5,1,10,0.5,1,10,0.5,1,10,0.5,1
1750,37,10,4,21,2,0,0,0,0,0,0,0,0,1.0,1.0,0,0,0,0,0,0,0,0,5.72,28.21,31.52,25.6,25.41,22.61,10,0.5,1,10,0.5,1,10,0.5,1,10,0.5,1
1760,38,10,3,23,2,0,0,0,0,0,0,0,0,8.7,1.0,0,0,0,0,0,0,0,0,5.71,28.21,31.52,25.59,25.41,22.61,10,0.5,1,10,0.5,1,10,0.5,1,10,0.5,1
1770,38,10,3,23,2,0,0,0,0,0,0,0,0,1.0,1.0,0,0,0,0,0,0,0,0,5.7,28.21,31.52,0,25.41,22.61,10,0.5,1,10,0.5,1,10,0.5,1,10,0.5,1
1780,39,11,3,23,2,0,0,0,0,0,0,0,0,8.6,5.75,0,0,0,0,0,0,0,0,5.7,28.21,0,0,25.41,22.61,10,0.5,1,10,0.5,1,10,0.5,1,10,0.5,1
1790,41,11,4,24,2,0,0,0,0,0,0,0,0,13.38,5.72,0,0,0,0,0,0,0,0,5.7,32.98,0,0,25.41,22.61,10,0.5,1,10,0.5,1,10,0.5,1,10,0.5,1
1800,40,11,4,24,1,0,0,0,0,0,0,0,0,13.32,10.46,0,0,0,0,0,0,0,0,5.7,32.93,0,0,25.41,22.61,10,0.5,1,10,0.5,1,10,0.5,1,10,0.5,1
1810,42,11,6,24,1,0,0,0,0,0,0,0,0,20.87,10.43,0,0,0,0,0,0,0,0,15.18,32.92,0,0,25.41,22.61,10,0.5,1,10,0.5,1,10,0.5,1,10,0.5,1
1820,42,11,7,23,1,0,0,0,0,0,0,0,0,20.8,15.16,0,0,0,0,0,0,0,0,15.18,32.91,0,0,25.41,22.61,10,0.5,1,10,0.5,1,10,0.5,1,10,0.5,1
1830,41,11,6,23,1,0,0,0,0,0,0,0,0,25.54,19.92,0,0,0,0,0,0,0,0,15.18,32.91,0,0,25.41,22.61,10,0.5,1,10,0.5,1,10,0.5,1,10,0.5,1
1840,42,10,6,24,2,0,0,0,0,0,0,0,0,25.48,19.86,0,0,0,0,0,0,0,0,24.86,32.91,0,0,25.41,22.61,10,0.5,1,10,0.5,1,10,0.5,1,10,0.5,1
1850,42,10,6,24,2,0,0,0,0,0,0,0,0,30.22,24.61,0,0,0,0,0,0,0,0,24.81,32.91,0,0,25.41,22.61,10,0.5,1,10,0.5,1,10,0.5,1,10,0.5,1
1860,44,10,6,26,2,0,0,0,0,0,0,0,0,30.17,24.55,0,0,0,0,0,0,0,0,24.79,32.91,0,0,25.41,22.61,10,0.5,1,10,0.5,1,10,0.5,1,10,0.5,1
1870,44,10,6,27,1,0,0,0,0,0,0,0,0,30.14,32.09,0,0,0,0,0,0,0,0,24.78,32.91,0,0,25.41,22.61,10,0.5,1,10,0.5,1,10,0.5,1,10,0.5,1
1880,44,9,6,28,1,0,0,0,0,0,0,0,0,30.13,32.05,0,0,0,0,0,0,0,0,24.78,32.91,0,0,25.41,22.61,10,0.5,1,10,0.5,1,10,0.5,1,10,0.5,1
1890,46,9,6,30,1,0,0,0,0,0,0,0,0,30.12,32.02,0,0,0,0,0,0,0,0,24.78,32.91,0,0,25.41,22.61,10,0.5,1,10,0.5,1,10,0.5,1,10,0.5,1
1900,43,9,6,27,1,0,0,0,0,0,0,0,0,30.11,32.02,0,0,0,0,0,0,0,0,29.54,32.91,0,0,25.41,22.61,10,0.5,1,10,0.5,1,10,0.5,1,10,0.5,1
1910,43,9,6,27,1,0,0,0,0,0,0,0,0,30.11,32.01,0,0,0,0,0,0,0,0,29.5,32.91,0,0,25.41,22.61,10,0.5,1,10,0.5,1,10,0.5,1,10,0.5,1
1920,42,9,5,27,1,0,0,0,0,0,0,0,0,30.11,32.01,0,0,0,0,0,0,0,0,34.26,32.91,0,0,25.41,22.61,10,0.5,1,10,0.5,1,10,0.5,1,10,0.5,1
1930,41,9,4,27,1,0,0,0,0,0,0,0,0,30.11,32.01,0,0,0,0,0,0,0,0,34.21,32.91,0,0,25.41,22.61,10,0.5,1,10,0.5,1,10,0.5,1,10,0.5,1
1940,41,9,4,27,1,0,0,0,0,0,0,0,0,30.11,32.01,0,0,0,0,0,0,0,0,34.19,32.91,0,0,25.41,22.61,10,0.5,1,10,0.5,1,10,0.5,1,10,0.5,1
1950,41,10,4,25,2,0,0,0,0,0,0,0,0,30.11,32.01,0,0,0,0,0,0,0,0,34.19,32.91,0,0,25.41,22.61,10,0.5,1,10,0.5,1,10,0.5,1,10,0.5,1
1960,41,10,4,25,2,0,0,0,0,0,0,0,0,30.11,32.01,0,0,0,0,0,0,0,0,34.18,32.91,0,0,25.41,22.61,10,0.5,1,10,0.5,1,10,0.5,1,10,0.5,1
1970,39,9,4,24,2,0,0,0,0,0,0,0,0,30.11,32.01,0,0,0,0,0,0,0,0,34.18,32.91,0,0,25.41,22.61,10,0.5,1,10,0.5,1,10,0.5,1,10,0.5,1
1980,39,9,4,24,2,0,0,0,0,0,0,0,0,30.11,32.01,0,0,0,0,0,0,0,0,34.18,32.91,0,0,25.41,22.61,10,0.5,1,10,0.5,1,10,0.5,1,10,0.5,1
1990,38,9,4,23,2,0,0,0,0,0,0,0,0,30.11,32.01,0,0,0,0,0,0,0,0,34.18,32.91,0,0,25.41,22.61,10,0.5,1,10,0.5,1,10,0.5,1,10,0.5,1
2000,39,10,5,22,2,0,0,0,0,0,0,0,0,30.11,32.01,0,0,0,0,0,0,0,0,34.18,32.91,0,0,25.41,22.61,10,0.5,1,10,0.5,1,10,0.5,1,10,0.5,1
2010,39,10,5,22,2,0,0,0,0,0,0,0,0,30.11,32.01,0,0,0,0,0,0,0,0,34.18,32.91,0,0,25.41,22.61,10,0.5,1,10,0.5,1,10,0.5,1,10,0.5,1
2020,39,9,5,23,2,0,0,0,0,0,0,0,0,30.11,32.01,0,0,0,0,0,0,0,0,34.18,32.91,0,0,25.41,22.61,10,0.5,1,10,0.5,1,10,0.5,1,10,0.5,1
2030,40,9,5,24,2,0,0,0,0,0,0,0,0,30.11,32.01,0,0,0,0,0,0,0,0,34.18,32.91,0,0,25.41,22.61,10,0.5,1,10,0.5,1,10,0.5,1,10,0.5,1
2040,40,9,5,24,2,0,0,0,0,0,0,0,0,30.11,32.01,0,0,0,0,0,0,0,0,34.18,32.91,0,0,25.41,22.61,10,0.5,1,10,0.5,1,10,0.5,1,10,0.5,1
2050,41,9,5,25,2,0,0,0,0,0,0,0,0,30.11,32.01,0,0,0,0,0,0,0,0,34.18,32.91,0,0,25.41,22.61,10,0.5,1,10,0.5,1,10,0.5,1,10,0.5,1
2060,40,9,5,25,1,0,0,0,0,0,0,0,0,30.11,32.01,0,0,0,0,0,0,0,0,34.18,32.91,0,0,25.41,22.61,10,0.5,1,10,0.5,1,10,0.5,1,10,0.5,1
2070,40,9,5,25,1,0,0,0,0,0,0,0,0,30.11,32.01,0,0,0,0,0,0,0,0,34.18,32.91,0,0,25.41,22.61,10,0.5,1,10,0.5,1,10,0.5,1,10,0.5,1
2080,39,9,5,24,1,0,0,0,0,0,0,0,0,30.11,32.01,0,0,0,0,0,0,0,0,34.18,32.91,0,1.0,25.41,22.61,10,0.5,1,10,0.5,1,10,0.5,1,10,0.5,1
2090,39,9,5,24,1,0,0,0,0,0,0,0,0,30.11,32.01,0,0,0,0,0,0,0,0,34.18,32.91,1.0,1.0,25.41,22.61,10,0.5,1,10,0.5,1,10,0.5,1,10,0.5,1
2100,38,9,4,24,1,0,0,0,0,0,0,0,0,30.11,32.01,0,0,0,0,0,0,0,0,34.18,32.91,1.0,1.0,25.41,22.61,10,0.5,1,10,0.5,1,10,0.5,1,10,0.5,1
2110,36,9,4,22,1,0,0,0,0,0,0,0,0,30.11,32.01,0,0,0,0,0,0,0,0,34.18,32.91,1.0,1.0,25.4,22.6,10,0.5,1,10,0.5,1,10,0.5,1,10,0.5,1
2120,37,10,4,22,1,0,0,0,0,0,0,0,0,30.11,32.01,0,0,0,0,0,0,0,0,34.18,32.91,1.0,1.0,0,0,10,0.5,1,10,0.5,1,10,0.5,1,10,0.5,1
2130,36,10,4,21,1,0,0,0,0,0,0,0,0,30.11,32.01,0,0,0,0,0,0,0,0,34.18,32.91,1.0,1.0,0,0,10,0.5,1,10,0.5,1,10,0.5,1,10,0.5,1
2140,38,9,4,24,1,0,0,0,0,0,0,0,0,30.11,32.01,0,0,0,0,0,0,0,0,34.18,32.91,1.0,1.0,0,0,10,0.5,1,10,0.5,1,10,0.5,1,10,0.5,1
2150,40,9,4,26,1,0,0,0,0,0,0,0,0,30.11,32.01,0,0,0,0,0,0,0,0,34.18,32.91,1.0,1.0,0,0,10,0.5,1,10,0.5,1,10,0.5,1,10,0.5,1
2160,38,9,4,24,1,0,0,0,0,0,0,0,0,30.11,32.01,0,0,0,0,0,0,0,0,34.18,32.91,1.0,1.0,0,0,10,0.5,1,10,0.5,1,10,0.5,1,10,0.5,1
2170,41,11,4,25,1,0,0,0,0,0,0,0,0,30.11,32.01,0,0,0,0,0,0,0,0,34.18,32.91,1.0,1.0,0,0,10,0.5,1,10,0.5,1,10,0.5,1,10,0.5,1
2180,39,10,4,24,1,0,0,0,0,0,0,0,0,30.11,32.01,0,0,0,0,0,0,0,0,34.18,32.91,1.0,1.0,0,0,10,0.5,1,10,0.5,1,10,0.5,1,10,0.5,1
2190,41,10,5,25,1,0,0,0,0,0,0,0,0,30.11,32.01,0,0,0,0,0,0,0,0,34.18,32.91,5.77,1.0,0,0,10,0.5,1,10,0.5,1,10,0.5,1,10,0.5,1
2200,39,9,5,24,1,0,0,0,0,0,0,0,0,30.11,32.01,0,0,0,0,0,0,0,0,34.18,32.91,5.73,1.0,0,0,10,0.5,1,10,0.5,1,10,0.5,1,10,0.5,1
2210,39,9,5,24,1,0,0,0,0,0,0,0,0,30.11,32.01,0,0,0,0,0,0,0,0,34.18,32.91,5.71,1.0,0,0,10,0.5,1,10,0.5,1,10,0.5,1,10,0.5,1
2220,39,8,5,25,1,0,0,0,0,0,0,0,0,30.11,32.01,0,0,0,0,0,0,0,0,34.18,32.91,13.25,1.0,0,0,10,0.5,1,10,0.5,1,10,0.5,1,10,0.5,1
2230,40,7,5,27,1,0,0,0,0,0,0,0,0,30.11,32.01,0,0,0,0,0,0,0,0,34.18,32.91,13.22,1.0,0,0,10,0.5,1,10,0.5,1,10,0.5,1,10,0.5,1
2240,41,8,5,27,1,0,0,0,0,0,0,0,0,30.11,32.01,0,0,0,0,0,0,0,0,34.18,32.91,13.21,1.0,0,0,10,0.5,1,10,0.5,1,10,0.5,1,10,0.5,1
2250,40,9,5,25,1,0,0,0,0,0,0,0,0,30.11,32.01,0,0,0,0,0,0,0,0,34.18,32.91,13.21,1.0,0,0,10,0.5,1,10,0.5,1,10,0.5,1,10,0.5,1
2260,43,10,5,26,2,0,0,0,0,0,0,0,0,30.11,32.01,0,0,0,0,0,0,0,0,34.18,32.91,13.2,1.0,0,0,10,0.5,1,10,0.5,1,10,0.5,1,10,0.5,1
2270,42,9,5,26,2,0,0,0,0,0,0,0,0,30.11,32.01,0,0,0,0,0,0,0,0,34.18,32.91,13.2,1.0,0,0,10,0.5,1,10,0.5,1,10,0.5,1,10,0.5,1
2280,42,9,5,26,2,0,0,0,0,0,0,0,0,30.11,32.01,0,0,0,0,0,0,0,0,34.18,32.91,13.2,1.0,0,0,10,0.5,1,10,0.5,1,10,0.5,1,10,0.5,1
2290,43,8,5,28,2,0,0,0,0,0,0,0,0,30.11,32.01,0,0,0,0,0,0,0,0,34.18,32.91,13.2,1.0,0,0,10,0.5,1,10,0.5,1,10,0.5,1,10,0.5,1
2300,43,8,4,30,1,0,0,0,0,0,0,0,0,30.11,32.01,0,0,0,0,0,0,0,0,34.18,32.91,13.2,1.0,0,0,10,0.5,1,10,0.5,1,10,0.5,1,10,0.5,1
2310,44,8,4,31,1,0,0,0,0,0,0,0,0,30.11,32.01,0,0,0,0,0,0,0,0,34.18,32.91,13.2,1.0,0,0,10,0.5,1,10,0.5,1,10,0.5,1,10,0.5,1
2320,43,8,4,29,2,0,0,0,0,0,0,0,0,30.11,32.01,0,0,0,0,0,0,0,0,34.18,32.91,17.94,5.74,0,0,10,0.5,1,10,0.5,1,10,0.5,1,10,0.5,1
2330,41,8,4,27,2,0,0,0,0,0,0,0,0,30.11,32.01,0,0,0,0,0,0,0,0,34.18,32.91,17.92,5.71,0,0,10,0.5,1,10,0.5,1,10,0.5,1,10,0.5,1
2340,43,9,4,28,2,0,0,0,0,0,0,0,0,30.11,32.01,0,0,0,0,0,0,0,0,34.18,32.91,17.91,13.25,0,0,10,0.5,1,10,0.5,1,10,0.5,1,10,0.5,1
2350,41,9,4,27,1,0,0,0,0,0,0,0,0,30.11,32.01,0,0,0,0,0,0,0,0,34.18,32.91,17.91,13.22,0,0,10,0.5,1,10,0.5,1,10,0.5,1,10,0.5,1
2360,42,10,4,27,1,0,0,0,0,0,0,0,0,30.11,32.01,0,0,0,0,0,0,0,0,34.18,32.91,17.9,13.21,0,0,10,0.5,1,10,0.5,1,10,0.5,1,10,0.5,1
2370,40,10,4,25,1,0,0,0,0,0,0,0,0,30.11,32.01,0,0,0,0,0,0,0,0,34.18,32.91,17.9,13.21,0,0,10,0.5,1,10,0.5,1,10,0.5,1,10,0.5,1
2380,43,10,4,28,1,0,0,0,0,0,0,0,0,30.11,32.01,0,0,0,0,0,0,0,0,34.18,32.91,17.9,13.2,0,0,10,0.5,1,10,0.5,1,10,0.5,1,10,0.5,1
2390,42,9,4,28,1,0,0,0,0,0,0,0,0,30.11,32.01,0,0,0,0,0,0,0,0,34.18,32.91,17.9,13.2,0,0,10,0.5,1,10,0.5,1,10,0.5,1,10,0.5,1
2400,41,9,4,27,1,0,0,0,0,0,0,0,0,30.11,32.01,0,0,0,0,0,0,0,0,34.18,32.91,17.9,13.2,0,0,10,0.5,1,10,0.5,1,10,0.5,1,10,0.5,1
2410,40,9,4,26,1,0,0,0,0,0,0,0,0,30.11,32.01,0,0,0,0,0,0,0,0,34.18,32.91,17.9,13.2,0,0,10,0.5,1,10,0.5,1,10,0.5,1,10,0.5,1
2420,43,10,4,28,1,0,0,0,0,0,0,0,0,30.11,32.01,0,0,0,0,0,0,0,0,34.18,32.91,17.9,13.2,0,0,10,0.5,1,10,0.5,1,10,0.5,1,10,0.5,1
2430,43,10,4,28,1,0,0,0,0,0,0,0,0,30.11,32.01,0,0,0,0,0,0,0,0,34.18,32.91,17.9,13.2,1.0,1.0,10,0.5,1,10,0.5,1,10,0.5,1,10,0.5,1
2440,43,9,4,29,1,0,0,0,0,0,0,0,0,30.11,32.01,0,0,0,0,0,0,0,0,34.18,32.91,17.9,13.2,1.0,1.0,10,0.5,1,10,0.5,1,10,0.5,1,10,0.5,1
2450,42,9,4,28,1,0,0,0,0,0,0,0,0,30.11,32.01,0,0,0,0,0,0,0,0,34.18,32.91,17.9,13.2,1.0,1.0,10,0.5,1,10,0.5,1,10,0.5,1,10,0.5,1
2460,41,9,3,28,1,0,0,0,0,0,0,0,0,30.11,32.01,0,0,0,0,0,0,0,0,34.18,32.91,17.9,13.2,5.94,1.0,10,0.5,1,10,0.5,1,10,0.5,1,10,0.5,1
2470,40,9,3,27,1,0,0,0,0,0,0,0,0,30.11,32.01,0,0,0,0,0,0,0,0,34.18,32.89,17.9,13.2,5.94,5.77,10,0.5,1,10,0.5,1,10,0.5,1,10,0.5,1
2480,41,10,3,27,1,0,0,0,0,0,0,0,0,30.11,32.01,0,0,0,0,0,0,0,0,34.18,0,17.9,13.2,10.92,5.73,10,0.5,1,10,0.5,1,10,0.5,1,10,0.5,1
2490,41,11,2,27,1,0,0,0,0,0,0,0,0,30.11,32.01,0,0,0,0,0,0,0,0,34.18,0,17.9,13.2,5.83,10.49,10,0.5,1,10,0.5,1,10,0.5,1,10,0.5,1
2500,41,11,2,27,1,0,0,0,0,0,0,0,0,30.11,32.01,0,0,0,0,0,0,0,0,0,0,17.9,13.2,5.79,10.44,10,0.5,1,10,0.5,1,10,0.5,1,10,0.5,1
2510,42,11,3,27,1,0,0,0,0,0,0,0,0,30.11,32.01,0,0,0,0,0,0,0,0,0,0,17.9,13.2,10.52,15.19,10,0.5,1,10,0.5,1,10,0.5,1,10,0.5,1
2520,41,11,4,25,1,0,0,0,0,0,0,0,0,30.11,32.01,0,0,0,0,0,0,0,0,0,0,17.9,13.2,10.46,15.14,10,0.5,1,10,0.5,1,10,0.5,1,10,0.5,1
2530,41,11,4,25,1,0,0,0,0,0,0,0,0,30.11,32.01,0,0,0,0,0,0,0,0,0,0,17.9,13.2,15.19,19.88,10,0.5,1,10,0.5,1,10,0.5,1,10,0.5,1
2540,41,12,3,25,1,0,0,0,0,0,0,0,0,30.11,32.01,0,0,0,0,0,0,0,0,0,0,17.9,13.2,22.73,19.84,10,0.5,1,10,0.5,1,10,0.5,1,10,0.5,1
2550,40,12,2,25,1,0,0,0,0,0,0,0,0,30.11,32.01,0,0,0,0,0,0,0,0,0,0,17.9,13.2,22.67,24.57,10,0.5,1,10,0.5,1,10,0.5,1,10,0.5,1
2560,41,13,2,25,1,0,0,0,0,0,0,0,0,30.11,32.01,0,0,0,0,0,0,0,0,0,0,17.9,13.2,22.64,24.54,10,0.5,1,10,0.5,1,10,0.5,1,10,0.5,1
2570,40,11,2,26,1,0,0,0,0,0,0,0,0,30.11,32.01,0,0,0,0,0,0,0,0,0,0,17.9,13.2,22.63,24.52,10,0.5,1,10,0.5,1,10,0.5,1,10,0.5,1
2580,42,12,2,27,1,0,0,0,0,0,0,0,0,30.11,32.01,0,0,0,0,0,0,0,0,0,0,17.9,13.2,22.62,24.51,10,0.5,1,10,0.5,1,10,0.5,1,10,0.5,1
2590,41,12,2,26,1,0,0,0,0,0,0,0,0,30.11,32.01,0,0,0,0,0,0,0,0,0,0,17.9,13.2,22.61,24.51,10,0.5,1,10,0.5,1,10,0.5,1,10,0.5,1
2600,43,13,2,27,1,0,0,0,0,0,0,0,0,30.11,32.01,0,0,0,0,0,0,0,0,0,0,17.9,13.2,22.61,24.51,10,0.5,1,10,0.5,1,10,0.5,1,10,0.5,1
2610,40,12,2,26,0,0,0,0,0,0,0,0,0,30.11,32.01,0,0,0,0,0,0,0,0,0,0,17.9,13.2,22.61,24.51,10,0.5,1,10,0.5,1,10,0.5,1,10,0.5,1
2620,41,11,2,28,0,0,0,0,0,0,0,0,0,30.11,32.01,0,0,0,0,0,0,0,0,0,0,17.9,13.2,22.61,24.51,10,0.5,1,10,0.5,1,10,0.5,1,10,0.5,1
2630,41,11,2,28,0,0,0,0,0,0,0,0,0,30.11,32.01,0,0,0,0,0,0,0,0,0,0,17.9,13.2,22.61,24.51,10,0.5,1,10,0.5,1,10,0.5,1,10,0.5,1
2640,39,11,2,26,0,0,0,0,0,0,0,0,0,30.11,32.01,0,0,0,0,0,0,0,0,0,0,17.9,13.2,22.61,24.51,10,0.5,1,10,0.5,1,10,0.5,1,10,0.5,1
2650,38,12,2,24,0,0,0,0,0,0,0,0,0,30.11,32.01,0,0,0,0,0,0,0,0,0,0,17.9,13.2,22.61,24.51,10,0.5,1,10,0.5,1,10,0.5,1,10,0.5,1
2660,38,12,2,24,0,0,0,0,0,0,0,0,0,30.11,32.01,0,0,0,0,0,0,0,0,0,0,17.9,13.2,22.61,24.51,10,0.5,1,10,0.5,1,10,0.5,1,10,0.5,1
2670,36,10,2,24,0,0,0,0,0,0,0,0,0,30.11,32.01,0,0,0,0,0,0,0,0,0,0,17.9,13.2,22.61,24.51,10,0.5,1,10,0.5,1,10,0.5,1,10,0.5,1
2680,35,9,2,24,0,0,0,0,0,0,0,0,0,30.11,32.01,0,0,0,0,0,0,0,0,0,0,17.9,13.2,22.61,24.51,10,0.5,1,10,0.5,1,10,0.5,1,10,0.5,1
2690,34,9,2,23,0,0,0,0,0,0,0,0,0,30.11,32.01,0,0,0,0,0,0,0,0,0,0,17.9,13.2,22.61,24.51,10,0.5,1,10,0.5,1,10,0.5,1,10,0.5,1
2700,33,9,2,22,0,0,0,0,0,0,0,0,0,30.11,32.01,0,0,0,0,0,0,0,0,0,0,17.9,13.2,22.61,24.51,10,0.5,1,10,0.5,1,10,0.5,1,10,0.5,1
2710,33,9,2,22,0,0,0,0,0,0,0,0,0,30.11,32.01,0,0,0,0,0,0,0,0,0,0,17.9,13.2,22.61,24.51,10,0.5,1,10,0.5,1,10,0.5,1,10,0.5,1
2720,33,9,2,22,0,0,0,0,0,0,0,0,0,30.11,32.01,0,0,0,0,0,0,0,0,0,0,17.9,13.2,22.61,24.51,10,0.5,1,10,0.5,1,10,0.5,1,10,0.5,1
2730,32,9,2,21,0,0,0,0,0,0,0,0,0,30.11,32.01,0,0,0,0,0,0,0,0,0,0,17.9,13.2,22.61,24.51,10,0.5,1,10,0.5,1,10,0.5,1,10,0.5,1
2740,31,9,2,20,0,0,0,0,0,0,0,0,0,30.11,32.01,0,0,0,0,0,0,0,0,0,0,17.9,13.2,22.61,24.51,10,0.5,1,10,0.5,1,10,0.5,1,10,0.5,1
2750,31,9,2,20,0,0,0,0,0,0,0,0,0,30.11,32.01,0,0,0,0,0,0,0,0,0,0,17.9,13.2,22.61,24.51,10,0.5,1,10,0.5,1,10,0.5,1,10,0.5,1
2760,31,9,2,20,0,0,0,0,0,0,0,0,0,30.11,32.01,0,0,0,0,0,0,0,0,0,0,17.9,13.2,22.61,24.51,10,0.5,1,10,0.5,1,10,0.5,1,10,0.5,1
2770,31,9,2,20,0,0,0,0,0,0,0,0,0,30.11,32.01,0,0,0,0,0,0,0,0,0,0,17.9,13.2,22.61,24.51,10,0.5,1,10,0.5,1,10,0.5,1,10,0.5,1
2780,31,9,2,20,0,0,0,0,0,0,0,0,0,30.11,32.01,0,0,0,0,0,0,0,0,0,0,17.9,13.2,22.61,24.51,10,0.5,1,10,0.5,1,10,0.5,1,10,0.5,1
2790,31,9,2,20,0,0,0,0,0,0,0,0,0,30.11,32.01,0,0,0,0,0,0,0,0,0,0,17.9,13.2,22.61,24.51,10,0.5,1,10,0.5,1,10,0.5,1,10,0.5,1
2800,31,9,2,20,0,0,0,0,0,0,0,0,0,30.11,32.01,0,0,0,0,0,0,0,0,0,0,17.9,13.2,22.61,24.51,10,0.5,1,10,0.5,1,10,0.5,1,10,0.5,1
2810,30,9,2,19,0,0,0,0,0,0,0,0,0,30.11,32.01,0,0,0,0,0,0,0,0,0,0,17.9,13.2,22.61,24.51,10,0.5,1,10,0.5,1,10,0.5,1,10,0.5,1
2820,30,9,2,19,0,0,0,0,0,0,0,0,0,30.11,32.0,0,0,0,0,0,0,0,0,0,0,17.9,13.2,22.61,24.51,10,0.5,1,10,0.5,1,10,0.5,1,10,0.5,1
2830,29,9,2,18,0,0,0,0,0,0,0,0,0,30.11,0,0,0,0,0,0,0,0,0,0,0,17.9,13.2,22.61,24.51,10,0.5,1,10,0.5,1,10,0.5,1,10,0.5,1
2840,29,9,2,18,0,0,0,0,0,0,0,0,0,30.11,0,0,0,0,0,0,0,0,0,0,0,17.9,13.2,22.61,24.51,10,0.5,1,10,0.5,1,10,0.5,1,10,0.5,1
2850,29,9,2,18,0,0,0,0,0,0,0,0,0,0,0,0,0,0,0,0,0,0,0,0,0,17.9,13.2,22.61,24.51,10,0.5,1,10,0.5,1,10,0.5,1,10,0.5,1
2860,30,9,2,19,0,0,0,0,0,0,0,0,0,0,0,0,0,0,0,0,0,0,0,0,0,17.9,13.2,22.61,24.51,10,0.5,1,10,0.5,1,10,0.5,1,10,0.5,1
2870,30,9,3,18,0,0,0,0,0,0,0,0,0,0,0,0,0,0,0,0,0,0,0,0,0,17.9,13.2,22.61,24.51,10,0.5,1,10,0.5,1,10,0.5,1,10,0.5,1
2880,29,8,3,18,0,0,0,0,0,0,0,0,0,0,0,0,0,0,0,0,0,0,0,0,0,17.9,13.2,22.61,24.51,10,0.5,1,10,0.5,1,10,0.5,1,10,0.5,1
2890,29,8,3,18,0,0,0,0,0,0,0,0,0,0,0,0,0,0,0,0,0,0,0,0,0,17.9,13.2,22.61,24.51,10,0.5,1,10,0.5,1,10,0.5,1,10,0.5,1
2900,29,8,2,19,0,0,0,0,0,0,0,0,0,0,0,0,0,0,0,0,0,0,0,0,0,17.9,13.2,22.61,24.51,10,0.5,1,10,0.5,1,10,0.5,1,10,0.5,1
2910,29,9,2,18,0,0,0,0,0,0,0,0,0,0,0,0,0,0,0,0,0,0,0,0,0,17.9,13.2,22.61,24.51,10,0.5,1,10,0.5,1,10,0.5,1,10,0.5,1
2920,28,8,2,18,0,0,0,0,0,0,0,0,0,0,0,0,0,0,0,0,0,0,0,0,0,17.9,13.2,22.61,24.51,10,0.5,1,10,0.5,1,10,0.5,1,10,0.5,1
2930,29,7,3,19,0,0,0,0,0,0,0,0,0,0,0,0,0,0,0,0,0,0,0,0,0,17.9,13.2,22.61,24.51,10,0.5,1,10,0.5,1,10,0.5,1,10,0.5,1
2940,29,6,3,20,0,0,0,0,0,0,0,0,0,0,0,0,0,0,0,0,0,0,0,0,0,17.9,13.2,22.61,24.51,10,0.5,1,10,0.5,1,10,0.5,1,10,0.5,1
2950,29,6,3,20,0,0,0,0,0,0,0,0,0,0,0,0,0,0,0,0,0,0,0,0,0,17.9,13.2,22.61,24.51,10,0.5,1,10,0.5,1,10,0.5,1,10,0.5,1
2960,29,7,2,20,0,0,0,0,0,0,0,0,0,0,0,0,0,0,0,0,0,0,0,0,0,17.9,13.2,22.61,24.51,10,0.5,1,10,0.5,1,10,0.5,1,10,0.5,1
2970,28,8,2,18,0,0,0,0,0,0,0,0,0,0,0,0,0,0,0,0,0,0,0,0,0,17.9,13.2,22.61,24.51,10,0.5,1,10,0.5,1,10,0.5,1,10,0.5,1
2980,28,8,2,18,0,0,0,0,0,0,0,0,0,0,0,0,0,0,0,0,0,0,0,0,0,17.9,13.2,22.61,24.51,10,0.5,1,10,0.5,1,10,0.5,1,10,0.5,1
2990,29,7,1,21,0,0,0,0,0,0,0,0,0,0,0,0,0,0,0,0,0,0,0,0,0,17.9,13.2,22.61,24.51,10,0.5,1,10,0.5,1,10,0.5,1,10,0.5,1
3000,28,7,2,19,0,0,0,0,0,0,0,0,0,0,0,0,0,0,0,0,0,0,0,0,0,17.9,13.2,22.61,24.51,10,0.5,1,10,0.5,1,10,0.5,1,10,0.5,1
3010,29,7,2,20,0,0,0,0,0,0,0,0,0,0,0,0,0,0,0,0,0,0,0,0,0,17.9,13.2,22.61,24.51,10,0.5,1,10,0.5,1,10,0.5,1,10,0.5,1
3020,28,7,1,20,0,0,0,0,0,0,0,0,0,0,0,0,0,0,0,0,0,0,0,0,0,17.9,13.2,22.61,24.51,10,0.5,1,10,0.5,1,10,0.5,1,10,0.5,1
3030,27,7,1,19,0,0,0,0,0,0,0,0,0,0,0,0,0,0,0,0,0,0,0,0,0,17.9,13.2,22.61,24.51,10,0.5,1,10,0.5,1,10,0.5,1,10,0.5,1
3040,28,8,1,19,0,0,0,0,0,0,0,0,0,0,0,0,0,0,0,0,0,0,0,0,0,17.9,13.2,22.61,24.51,10,0.5,1,10,0.5,1,10,0.5,1,10,0.5,1
3050,28,8,2,18,0,0,0,0,0,0,0,0,0,0,0,0,0,0,0,0,0,0,0,0,0,17.9,13.2,22.61,24.51,10,0.5,1,10,0.5,1,10,0.5,1,10,0.5,1
3060,28,9,2,17,0,0,0,0,0,0,0,0,0,0,0,0,0,0,0,0,0,0,0,0,0,17.9,13.2,22.61,24.51,10,0.5,1,10,0.5,1,10,0.5,1,10,0.5,1
3070,28,8,2,18,0,0,0,0,0,0,0,0,0,0,0,0,0,0,0,0,0,0,0,0,0,17.9,13.2,22.61,24.51,10,0.5,1,10,0.5,1,10,0.5,1,10,0.5,1
3080,27,7,1,19,0,0,0,0,0,0,0,0,0,0,0,0,0,0,0,0,0,0,0,0,0,17.9,13.2,22.61,24.51,10,0.5,1,10,0.5,1,10,0.5,1,10,0.5,1
3090,29,8,1,20,0,0,0,0,0,0,0,0,0,0,0,0,0,0,0,0,0,0,0,0,0,17.9,13.2,22.61,24.51,10,0.5,1,10,0.5,1,10,0.5,1,10,0.5,1
3100,28,7,0,21,0,0,0,0,0,0,0,0,0,0,0,0,0,0,0,0,0,0,0,0,0,17.9,13.2,22.61,24.51,10,0.5,1,10,0.5,1,10,0.5,1,10,0.5,1
3110,29,8,0,21,0,0,0,0,0,0,0,0,0,0,0,0,0,0,0,0,0,0,0,0,0,17.9,13.2,22.61,24.51,10,0.5,1,10,0.5,1,10,0.5,1,10,0.5,1
3120,29,8,0,21,0,0,0,0,0,0,0,0,0,0,1.0,0,0,0,0,0,0,0,0,0,0,17.9,13.2,22.61,24.51,10,0.5,1,10,0.5,1,10,0.5,1,10,0.5,1
3130,29,9,0,20,0,0,0,0,0,0,0,0,0,1.0,1.0,0,0,0,0,0,0,0,0,0,0,17.9,13.2,22.61,24.51,10,0.5,1,10,0.5,1,10,0.5,1,10,0.5,1
3140,29,9,0,20,0,0,0,0,0,0,0,0,0,1.0,1.0,0,0,0,0,0,0,0,0,0,0,17.9,13.2,22.61,24.51,10,0.5,1,10,0.5,1,10,0.5,1,10,0.5,1
3150,29,9,1,19,0,0,0,0,0,0,0,0,0,1.0,1.0,0,0,0,0,0,0,0,0,0,0,17.9,13.2,22.61,24.51,10,0.5,1,10,0.5,1,10,0.5,1,10,0.5,1
3160,26,8,1,17,0,0,0,0,0,0,0,0,0,8.83,1.0,0,0,0,0,0,0,0,0,0,0,17.88,0,22.61,24.51,10,0.5,1,10,0.5,1,10,0.5,1,10,0.5,1
3170,28,8,1,19,0,0,0,0,0,0,0,0,0,1.0,5.74,0,0,0,0,0,0,0,0,0,0,0,0,22.61,24.51,10,0.5,1,10,0.5,1,10,0.5,1,10,0.5,1
3180,27,7,1,19,0,0,0,0,0,0,0,0,0,8.66,5.71,0,0,0,0,0,0,0,0,0,0,0,0,22.61,24.51,10,0.5,1,10,0.5,1,10,0.5,1,10,0.5,1
3190,29,7,1,21,0,0,0,0,0,0,0,0,0,13.44,10.45,0,0,0,0,0,0,0,0,0,0,0,0,22.61,24.51,10,0.5,1,10,0.5,1,10,0.5,1,10,0.5,1
3200,28,7,1,20,0,0,0,0,0,0,0,0,0,13.37,15.21,0,0,0,0,0,0,0,0,0,0,0,0,22.61,24.51,10,0.5,1,10,0.5,1,10,0.5,1,10,0.5,1
3210,29,8,2,19,0,0,0,0,0,0,0,0,0,13.33,15.15,0,0,0,0,0,0,0,0,0,0,0,0,22.61,24.51,10,0.5,1,10,0.5,1,10,0.5,1,10,0.5,1
3220,28,8,2,18,0,0,0,0,0,0,0,0,0,18.06,19.91,0,0,0,0,0,0,0,0,0,0,0,0,22.61,24.51,10,0.5,1,10,0.5,1,10,0.5,1,10,0.5,1
3230,30,8,2,20,0,0,0,0,0,0,0,0,0,18.01,19.85,0,0,0,0,0,0,0,0,0,0,0,0,22.61,24.51,10,0.5,1,10,0.5,1,10,0.5,1,10,0.5,1
3240,28,6,2,20,0,0,0,0,0,0,0,0,0,25.54,27.39,0,0,0,0,0,0,0,0,0,0,0,0,22.61,24.51,10,0.5,1,10,0.5,1,10,0.5,1,10,0.5,1
3250,27,6,2,19,0,0,0,0,0,0,0,0,0,30.27,27.35,0,0,0,0,0,0,0,0,0,0,0,0,22.61,24.51,10,0.5,1,10,0.5,1,10,0.5,1,10,0.5,1
3260,26,6,2,18,0,0,0,0,0,0,0,0,0,30.21,32.08,0,0,0,0,0,0,0,0,0,0,0,0,22.61,24.51,10,0.5,1,10,0.5,1,10,0.5,1,10,0.5,1
3270,26,6,2,18,0,0,0,0,0,0,0,0,0,34.93,32.04,0,0,0,0,0,0,0,0,0,0,0,0,22.61,24.51,10,0.5,1,10,0.5,1,10,0.5,1,10,0.5,1
3280,25,5,2,18,0,0,0,0,0,0,0,0,0,34.88,32.02,0,0,0,0,0,0,0,0,0,0,0,0,22.61,24.51,10,0.5,1,10,0.5,1,10,0.5,1,10,0.5,1
3290,25,5,2,18,0,0,0,0,0,0,0,0,0,34.85,32.01,0,0,0,0,0,0,0,0,0,0,0,0,22.61,24.51,10,0.5,1,10,0.5,1,10,0.5,1,10,0.5,1
3300,25,5,2,18,0,0,0,0,0,0,0,0,0,34.83,32.01,0,0,0,0,0,0,0,0,0,0,0,0,22.61,24.51,10,0.5,1,10,0.5,1,10,0.5,1,10,0.5,1
3310,25,5,2,18,0,0,0,0,0,0,0,0,0,34.82,32.01,0,0,0,0,0,0,0,0,0,0,0,0,22.61,24.51,10,0.5,1,10,0.5,1,10,0.5,1,10,0.5,1
3320,25,5,2,18,0,0,0,0,0,0,0,0,0,34.81,32.01,0,0,0,0,0,0,0,0,0,0,0,0,22.61,24.51,10,0.5,1,10,0.5,1,10,0.5,1,10,0.5,1
3330,25,5,2,18,0,0,0,0,0,0,0,0,0,34.81,32.01,0,0,0,0,0,0,0,0,0,0,0,0,22.61,24.51,10,0.5,1,10,0.5,1,10,0.5,1,10,0.5,1
3340,25,5,2,18,0,0,0,0,0,0,0,0,0,34.81,32.01,0,0,0,0,0,0,0,0,0,0,0,0,22.61,24.51,10,0.5,1,10,0.5,1,10,0.5,1,10,0.5,1
3350,25,5,2,18,0,0,0,0,0,0,0,0,0,34.81,32.01,0,0,0,0,0,0,0,0,0,0,0,0,22.61,24.51,10,0.5,1,10,0.5,1,10,0.5,1,10,0.5,1
3360,25,5,2,18,0,0,0,0,0,0,0,0,0,34.81,32.01,0,0,0,0,0,0,0,0,0,0,0,0,22.61,24.51,10,0.5,1,10,0.5,1,10,0.5,1,10,0.5,1
3370,25,5,2,18,0,0,0,0,0,0,0,0,0,34.81,32.01,0,0,0,0,0,0,0,0,0,0,0,0,22.61,24.51,10,0.5,1,10,0.5,1,10,0.5,1,10,0.5,1
3380,25,5,2,18,0,0,0,0,0,0,0,0,0,34.81,32.01,0,0,0,0,0,0,0,0,0,0,0,0,22.61,24.51,10,0.5,1,10,0.5,1,10,0.5,1,10,0.5,1
3390,25,5,2,18,0,0,0,0,0,0,0,0,0,34.81,32.01,0,0,0,0,0,0,0,0,0,0,0,0,22.61,24.51,10,0.5,1,10,0.5,1,10,0.5,1,10,0.5,1
3400,25,5,2,18,0,0,0,0,0,0,0,0,0,34.81,32.01,0,0,0,0,0,0,0,0,0,0,0,0,22.61,24.51,10,0.5,1,10,0.5,1,10,0.5,1,10,0.5,1
3410,25,5,2,18,0,0,0,0,0,0,0,0,0,34.81,32.01,0,0,0,0,0,0,0,0,0,0,0,0,22.61,24.51,10,0.5,1,10,0.5,1,10,0.5,1,10,0.5,1
3420,25,5,2,18,0,0,0,0,0,0,0,0,0,34.81,32.01,0,0,0,0,0,0,0,0,0,0,0,0,22.61,24.51,10,0.5,1,10,0.5,1,10,0.5,1,10,0.5,1
3430,25,5,2,18,0,0,0,0,0,0,0,0,0,34.81,32.01,0,0,0,0,0,0,0,0,0,0,0,0,22.61,24.51,10,0.5,1,10,0.5,1,10,0.5,1,10,0.5,1
3440,25,5,2,18,0,0,0,0,0,0,0,0,0,34.81,32.01,0,0,0,0,0,0,0,0,0,0,0,0,22.61,24.51,10,0.5,1,10,0.5,1,10,0.5,1,10,0.5,1
3450,25,5,2,18,0,0,0,0,0,0,0,0,0,34.81,32.01,0,0,0,0,0,0,0,0,0,0,0,0,22.61,24.51,10,0.5,1,10,0.5,1,10,0.5,1,10,0.5,1
3460,25,5,2,18,0,0,0,0,0,0,0,0,0,34.81,32.01,0,0,0,0,0,0,0,0,0,0,0,0,22.61,24.51,10,0.5,1,10,0.5,1,10,0.5,1,10,0.5,1
3470,25,5,2,18,0,0,0,0,0,0,0,0,0,34.81,32.01,0,0,0,0,0,0,0,0,0,0,0,0,22.61,24.51,10,0.5,1,10,0.5,1,10,0.5,1,10,0.5,1
3480,25,5,2,18,0,0,0,0,0,0,0,0,0,34.81,32.01,0,0,0,0,0,0,0,0,0,0,0,0,22.61,24.51,10,0.5,1,10,0.5,1,10,0.5,1,10,0.5,1
3490,25,5,2,18,0,0,0,0,0,0,0,0,0,34.81,32.01,0,0,0,0,0,0,0,0,0,0,0,0,22.61,24.51,10,0.5,1,10,0.5,1,10,0.5,1,10,0.5,1
3500,25,5,2,18,0,0,0,0,0,0,0,0,0,34.81,32.01,0,0,0,0,0,0,0,0,0,0,0,0,22.61,24.51,10,0.5,1,10,0.5,1,10,0.5,1,10,0.5,1
3510,24,5,2,17,0,0,0,0,0,0,0,0,0,34.81,32.01,0,0,0,0,0,0,0,0,0,0,0,0,22.6,24.51,10,0.5,1,10,0.5,1,10,0.5,1,10,0.5,1
3520,24,5,2,17,0,0,0,0,0,0,0,0,0,34.81,32.01,0,0,0,0,0,0,0,0,0,0,0,0,0,0,10,0.5,1,10,0.5,1,10,0.5,1,10,0.5,1
3530,23,5,2,16,0,0,0,0,0,0,0,0,0,34.81,32.01,0,0,0,0,0,0,0,0,0,0,0,0,0,0,10,0.5,1,10,0.5,1,10,0.5,1,10,0.5,1
3540,24,5,2,17,0,0,0,0,0,0,0,0,0,34.81,32.01,0,0,0,0,0,0,0,0,0,0,0,0,0,0,10,0.5,1,10,0.5,1,10,0.5,1,10,0.5,1
3550,24,6,2,16,0,0,0,0,0,0,0,0,0,34.81,32.01,0,0,0,0,0,0,0,0,0,0,0,0,0,0,10,0.5,1,10,0.5,1,10,0.5,1,10,0.5,1
3560,26,7,2,17,0,0,0,0,0,0,0,0,0,34.81,32.01,0,0,0,0,0,0,0,0,0,0,0,0,0,0,10,0.5,1,10,0.5,1,10,0.5,1,10,0.5,1
3570,24,7,2,15,0,0,0,0,0,0,0,0,0,34.81,32.01,0,0,0,0,0,0,0,0,0,0,0,0,0,0,10,0.5,1,10,0.5,1,10,0.5,1,10,0.5,1
3580,25,7,2,16,0,0,0,0,0,0,0,0,0,34.81,32.01,0,0,0,0,0,0,0,0,0,0,0,0,0,0,10,0.5,1,10,0.5,1,10,0.5,1,10,0.5,1
3590,23,6,2,14,1,0,0,0,0,0,0,0,0,34.81,32.01,0,0,0,0,0,0,0,0,0,0,0,0,0,0,10,0.5,1,10,0.5,1,10,0.5,1,10,0.5,1
3600,23,5,2,15,1,0,0,0,0,0,0,0,0,34.81,32.01,0,0,0,0,0,0,0,0,0,0,0,0,0,0,10,0.5,1,10,0.5,1,10,0.5,1,10,0.5,1
3610,23,4,2,16,1,0,0,0,0,0,0,0,0,34.81,32.01,0,0,0,0,0,0,0,0,0,0,0,0,0,0,10,0.5,1,10,0.5,1,10,0.5,1,10,0.5,1
3620,23,5,2,15,1,0,0,0,0,0,0,0,0,34.81,32.01,0,0,0,0,0,0,0,0,0,0,0,0,0,0,10,0.5,1,10,0.5,1,10,0.5,1,10,0.5,1
3630,24,5,2,16,1,0,0,0,0,0,0,0,0,34.81,32.01,0,0,0,0,0,0,0,0,0,0,0,0,0,0,10,0.5,1,10,0.5,1,10,0.5,1,10,0.5,1
3640,23,5,2,15,1,0,0,0,0,0,0,0,0,34.81,32.01,0,0,0,0,0,0,0,0,0,0,0,0,0,0,10,0.5,1,10,0.5,1,10,0.5,1,10,0.5,1
3650,23,4,2,16,1,0,0,0,0,0,0,0,0,34.81,32.01,0,0,0,0,0,0,0,0,0,0,0,0,0,0,10,0.5,1,10,0.5,1,10,0.5,1,10,0.5,1
3660,24,4,2,16,2,0,0,0,0,0,0,0,0,34.81,32.01,0,0,0,0,0,0,0,0,0,0,0,0,0,0,10,0.5,1,10,0.5,1,10,0.5,1,10,0.5,1
3670,22,2,2,16,2,0,0,0,0,0,0,0,0,34.81,32.01,0,0,0,0,0,0,0,0,0,0,0,0,0,0,10,0.5,1,10,0.5,1,10,0.5,1,10,0.5,1
3680,21,2,2,15,2,0,0,0,0,0,0,0,0,34.81,32.01,0,0,0,0,0,0,0,0,0,0,0,0,0,0,10,0.5,1,10,0.5,1,10,0.5,1,10,0.5,1
3690,21,2,2,16,1,0,0,0,0,0,0,0,0,34.81,32.01,0,0,0,0,0,0,0,0,0,0,0,0,0,0,10,0.5,1,10,0.5,1,10,0.5,1,10,0.5,1
3700,19,2,2,15,0,0,0,0,0,0,0,0,0,34.81,32.01,0,0,0,0,0,0,0,0,0,0,0,0,0,0,10,0.5,1,10,0.5,1,10,0.5,1,10,0.5,1
3710,18,2,2,14,0,0,0,0,0,0,0,0,0,34.81,32.01,0,0,0,0,0,0,0,0,0,0,0,0,0,0,10,0.5,1,10,0.5,1,10,0.5,1,10,0.5,1
3720,17,2,2,13,0,0,0,0,0,0,0,0,0,34.81,32.01,0,0,0,0,0,0,0,0,0,0,0,0,0,0,10,0.5,1,10,0.5,1,10,0.5,1,10,0.5,1
3730,16,2,2,11,1,0,0,0,0,0,0,0,0,34.81,32.01,0,0,0,0,0,0,0,0,0,0,0,0,0,0,10,0.5,1,10,0.5,1,10,0.5,1,10,0.5,1
3740,15,2,2,10,1,0,0,0,0,0,0,0,0,34.81,32.01,0,0,0,0,0,0,0,0,0,0,0,0,0,0,10,0.5,1,10,0.5,1,10,0.5,1,10,0.5,1
3750,15,2,2,10,1,0,0,0,0,0,0,0,0,34.81,32.01,0,0,0,0,0,0,0,0,0,0,0,0,0,0,10,0.5,1,10,0.5,1,10,0.5,1,10,0.5,1
3760,14,2,2,10,0,0,0,0,0,0,0,0,0,34.81,32.01,0,0,0,0,0,0,0,0,0,0,0,0,0,0,10,0.5,1,10,0.5,1,10,0.5,1,10,0.5,1
3770,14,2,2,10,0,0,0,0,0,0,0,0,0,34.81,32.01,0,0,0,0,0,0,0,0,0,0,0,0,0,0,10,0.5,1,10,0.5,1,10,0.5,1,10,0.5,1
3780,14,2,2,10,0,0,0,0,0,0,0,0,0,34.81,32.01,0,0,0,0,0,0,0,0,0,0,0,0,0,0,10,0.5,1,10,0.5,1,10,0.5,1,10,0.5,1
3790,14,2,2,10,0,0,0,0,0,0,0,0,0,34.81,32.01,0,0,0,0,0,0,0,0,0,0,0,0,0,0,10,0.5,1,10,0.5,1,10,0.5,1,10,0.5,1
3800,14,2,2,10,0,0,0,0,0,0,0,0,0,34.81,32.01,0,0,0,0,0,0,0,0,0,0,0,0,0,0,10,0.5,1,10,0.5,1,10,0.5,1,10,0.5,1
3810,14,2,2,10,0,0,0,0,0,0,0,0,0,34.81,32.01,0,0,0,0,0,0,0,0,0,0,0,0,0,0,10,0.5,1,10,0.5,1,10,0.5,1,10,0.5,1
3820,14,2,2,10,0,0,0,0,0,0,0,0,0,34.81,32.01,0,0,0,0,0,0,0,0,0,0,0,0,0,0,10,0.5,1,10,0.5,1,10,0.5,1,10,0.5,1
3830,14,2,2,10,0,0,0,0,0,0,0,0,0,34.81,32.01,0,0,0,0,0,0,0,0,0,0,0,0,0,0,10,0.5,1,10,0.5,1,10,0.5,1,10,0.5,1
3840,14,2,2,10,0,0,0,0,0,0,0,0,0,34.81,32.01,0,0,0,0,0,0,0,0,0,0,0,0,0,0,10,0.5,1,10,0.5,1,10,0.5,1,10,0.5,1
3850,14,2,2,10,0,0,0,0,0,0,0,0,0,34.81,32.01,0,0,0,0,0,0,0,0,0,0,0,0,0,0,10,0.5,1,10,0.5,1,10,0.5,1,10,0.5,1
3860,14,2,2,10,0,0,0,0,0,0,0,0,0,34.81,32.01,0,0,0,0,0,0,0,0,0,0,0,0,0,0,10,0.5,1,10,0.5,1,10,0.5,1,10,0.5,1
3870,14,2,2,10,0,0,0,0,0,0,0,0,0,34.81,32.01,0,0,0,0,0,0,0,0,0,0,0,0,0,0,10,0.5,1,10,0.5,1,10,0.5,1,10,0.5,1
3880,14,2,2,10,0,0,0,0,0,0,0,0,0,34.81,32.01,0,0,0,0,0,0,0,0,0,0,0,0,0,0,10,0.5,1,10,0.5,1,10,0.5,1,10,0.5,1
3890,14,2,2,10,0,0,0,0,0,0,0,0,0,34.81,32.01,0,0,0,0,0,0,0,0,0,0,0,0,0,0,10,0.5,1,10,0.5,1,10,0.5,1,10,0.5,1
3900,14,2,2,10,0,0,0,0,0,0,0,0,0,34.81,32.01,0,0,0,0,0,0,0,0,0,0,0,0,0,0,10,0.5,1,10,0.5,1,10,0.5,1,10,0.5,1
3910,14,2,2,10,0,0,0,0,0,0,0,0,0,34.81,32.01,0,0,0,0,0,0,0,0,0,0,0,0,0,0,10,0.5,1,10,0.5,1,10,0.5,1,10,0.5,1
3920,14,2,2,10,0,0,0,0,0,0,0,0,0,34.81,32.01,0,0,0,0,0,0,0,0,0,0,0,0,0,0,10,0.5,1,10,0.5,1,10,0.5,1,10,0.5,1
3930,14,2,2,10,0,0,0,0,0,0,0,0,0,34.81,32.01,0,0,0,0,0,0,0,0,0,0,0,0,0,0,10,0.5,1,10,0.5,1,10,0.5,1,10,0.5,1
3940,14,2,2,10,0,0,0,0,0,0,0,0,0,34.81,32.01,0,0,0,0,0,0,0,0,0,0,0,0,0,0,10,0.5,1,10,0.5,1,10,0.5,1,10,0.5,1
3950,14,2,2,10,0,0,0,0,0,0,0,0,0,34.81,32.01,0,0,0,0,0,0,0,0,0,0,0,0,0,0,10,0.5,1,10,0.5,1,10,0.5,1,10,0.5,1
3960,14,2,2,10,0,0,0,0,0,0,0,0,0,34.81,32.01,0,0,0,0,0,0,0,0,0,0,0,0,0,0,10,0.5,1,10,0.5,1,10,0.5,1,10,0.5,1
3970,14,2,2,10,0,0,0,0,0,0,0,0,0,34.81,32.01,0,0,0,0,0,0,0,0,0,0,0,0,0,0,10,0.5,1,10,0.5,1,10,0.5,1,10,0.5,1
3980,14,2,2,10,0,0,0,0,0,0,0,0,0,34.81,32.01,0,0,0,0,0,0,0,0,0,0,0,0,0,0,10,0.5,1,10,0.5,1,10,0.5,1,10,0.5,1
3990,14,2,2,10,0,0,0,0,0,0,0,0,0,34.81,32.01,0,0,0,0,0,0,0,0,0,0,0,0,0,0,10,0.5,1,10,0.5,1,10,0.5,1,10,0.5,1
4000,14,2,2,10,0,0,0,0,0,0,0,0,0,34.81,32.01,0,0,0,0,0,0,0,0,0,0,0,0,0,0,10,0.5,1,10,0.5,1,10,0.5,1,10,0.5,1
4010,14,2,2,10,0,0,0,0,0,0,0,0,0,34.81,32.01,0,0,0,0,0,0,0,0,0,0,0,0,0,0,10,0.5,1,10,0.5,1,10,0.5,1,10,0.5,1
4020,14,2,2,10,0,0,0,0,0,0,0,0,0,34.81,32.01,0,0,0,0,0,0,0,0,0,0,0,0,0,0,10,0.5,1,10,0.5,1,10,0.5,1,10,0.5,1
4030,14,2,2,10,0,0,0,0,0,0,0,0,0,34.81,32.01,0,0,0,0,0,0,0,0,0,0,0,0,0,0,10,0.5,1,10,0.5,1,10,0.5,1,10,0.5,1
4040,14,2,2,10,0,0,0,0,0,0,0,0,0,34.81,32.01,0,0,0,0,0,0,0,0,0,0,0,0,0,0,10,0.5,1,10,0.5,1,10,0.5,1,10,0.5,1
4050,14,2,2,10,0,0,0,0,0,0,0,0,0,34.81,32.01,0,0,0,0,0,0,0,0,0,0,0,0,0,0,10,0.5,1,10,0.5,1,10,0.5,1,10,0.5,1
4060,14,2,2,10,0,0,0,0,0,0,0,0,0,34.81,32.01,0,0,0,0,0,0,0,0,0,0,0,0,0,0,10,0.5,1,10,0.5,1,10,0.5,1,10,0.5,1
4070,14,2,2,10,0,0,0,0,0,0,0,0,0,34.81,32.01,0,0,0,0,0,0,0,0,0,0,0,0,0,0,10,0.5,1,10,0.5,1,10,0.5,1,10,0.5,1
4080,14,2,2,10,0,0,0,0,0,0,0,0,0,34.81,32.01,0,0,0,0,0,0,0,0,0,0,0,0,0,0,10,0.5,1,10,0.5,1,10,0.5,1,10,0.5,1
4090,14,2,2,10,0,0,0,0,0,0,0,0,0,34.81,32.01,0,0,0,0,0,0,0,0,0,0,0,0,0,0,10,0.5,1,10,0.5,1,10,0.5,1,10,0.5,1
4100,14,2,2,10,0,0,0,0,0,0,0,0,0,34.81,32.01,0,0,0,0,0,0,0,0,0,0,0,0,0,0,10,0.5,1,10,0.5,1,10,0.5,1,10,0.5,1
4110,14,2,2,10,0,0,0,0,0,0,0,0,0,34.81,32.01,0,0,0,0,0,0,0,0,0,0,0,0,0,0,10,0.5,1,10,0.5,1,10,0.5,1,10,0.5,1
4120,14,2,2,10,0,0,0,0,0,0,0,0,0,34.81,32.01,0,0,0,0,0,0,0,0,0,0,0,0,0,0,10,0.5,1,10,0.5,1,10,0.5,1,10,0.5,1
4130,14,2,2,10,0,0,0,0,0,0,0,0,0,34.81,32.01,0,0,0,0,0,0,0,0,0,0,0,0,0,0,10,0.5,1,10,0.5,1,10,0.5,1,10,0.5,1
4140,14,2,2,10,0,0,0,0,0,0,0,0,0,34.81,32.01,0,0,0,0,0,0,0,0,0,0,0,0,0,0,10,0.5,1,10,0.5,1,10,0.5,1,10,0.5,1
4150,14,2,2,10,0,0,0,0,0,0,0,0,0,34.81,32.01,0,0,0,0,0,0,0,0,0,0,0,0,0,0,10,0.5,1,10,0.5,1,10,0.5,1,10,0.5,1
4160,14,2,2,10,0,0,0,0,0,0,0,0,0,34.81,32.01,0,0,0,0,0,0,0,0,0,0,0,0,0,0,10,0.5,1,10,0.5,1,10,0.5,1,10,0.5,1
4170,14,2,2,10,0,0,0,0,0,0,0,0,0,34.81,32.01,0,0,0,0,0,0,0,0,0,0,0,0,0,0,10,0.5,1,10,0.5,1,10,0.5,1,10,0.5,1
4180,14,2,2,10,0,0,0,0,0,0,0,0,0,34.81,32.01,0,0,0,0,0,0,0,0,0,0,0,0,0,0,10,0.5,1,10,0.5,1,10,0.5,1,10,0.5,1
4190,14,2,2,10,0,0,0,0,0,0,0,0,0,34.81,32.01,0,0,0,0,0,0,0,0,0,0,0,0,0,0,10,0.5,1,10,0.5,1,10,0.5,1,10,0.5,1
4200,14,2,2,10,0,0,0,0,0,0,0,0,0,34.81,32.01,0,0,0,0,0,0,0,0,0,0,0,0,0,0,10,0.5,1,10,0.5,1,10,0.5,1,10,0.5,1
4210,13,2,2,9,0,0,0,0,0,0,0,0,0,34.81,32.01,0,0,0,0,0,0,0,0,0,0,0,0,0,0,10,0.5,1,10,0.5,1,10,0.5,1,10,0.5,1
4220,12,2,2,8,0,0,0,0,0,0,0,0,0,34.81,32.0,0,0,0,0,0,0,0,0,0,0,0,0,0,0,10,0.5,1,10,0.5,1,10,0.5,1,10,0.5,1
4230,12,2,2,8,0,0,0,0,0,0,0,0,0,34.76,0,0,0,0,0,0,0,0,0,0,0,0,0,0,0,10,0.5,1,10,0.5,1,10,0.5,1,10,0.5,1
4240,12,2,2,8,0,0,0,0,0,0,0,0,0,0,0,0,0,0,0,0,0,0,0,0,0,0,0,0,0,10,0.5,1,10,0.5,1,10,0.5,1,10,0.5,1
4250,12,2,2,8,0,0,0,0,0,0,0,0,0,0,0,0,0,0,0,0,0,0,0,0,0,0,0,0,0,10,0.5,1,10,0.5,1,10,0.5,1,10,0.5,1
4260,13,2,2,9,0,0,0,0,0,0,0,0,0,0,0,0,0,0,0,0,0,0,0,0,0,0,0,0,0,10,0.5,1,10,0.5,1,10,0.5,1,10,0.5,1
4270,12,2,1,9,0,0,0,0,0,0,0,0,0,0,0,0,0,0,0,0,0,0,0,0,0,0,0,0,0,10,0.5,1,10,0.5,1,10,0.5,1,10,0.5,1
4280,12,1,1,10,0,0,0,0,0,0,0,0,0,0,0,0,0,0,0,0,0,0,0,0,0,0,0,0,0,10,0.5,1,10,0.5,1,10,0.5,1,10,0.5,1
4290,13,1,1,11,0,0,0,0,0,0,0,0,0,0,0,0,0,0,0,0,0,0,0,0,0,0,0,0,0,10,0.5,1,10,0.5,1,10,0.5,1,10,0.5,1
4300,12,1,2,9,0,0,0,0,0,0,0,0,0,0,0,0,0,0,0,0,0,0,0,0,0,0,0,0,0,10,0.5,1,10,0.5,1,10,0.5,1,10,0.5,1
4310,11,2,2,7,0,0,0,0,0,0,0,0,0,0,0,0,0,0,0,0,0,0,0,0,0,0,0,0,0,10,0.5,1,10,0.5,1,10,0.5,1,10,0.5,1
4320,12,2,2,8,0,0,0,0,0,0,0,0,0,0,0,0,0,0,0,0,0,0,0,0,0,0,0,0,0,10,0.5,1,10,0.5,1,10,0.5,1,10,0.5,1
4330,11,2,2,7,0,0,0,0,0,0,0,0,0,0,0,0,0,0,0,0,0,0,0,0,0,0,0,0,0,10,0.5,1,10,0.5,1,10,0.5,1,10,0.5,1
4340,12,2,2,7,1,0,0,0,0,0,0,0,0,0,0,0,0,0,0,0,0,0,0,0,0,0,0,0,0,10,0.5,1,10,0.5,1,10,0.5,1,10,0.5,1
4350,11,2,2,5,2,0,0,0,0,0,0,0,0,0,0,0,0,0,0,0,0,0,0,0,0,0,0,0,0,10,0.5,1,10,0.5,1,10,0.5,1,10,0.5,1
4360,11,2,2,5,2,0,0,0,0,0,0,0,0,0,0,0,0,0,0,0,0,0,0,0,0,0,0,0,0,10,0.5,1,10,0.5,1,10,0.5,1,10,0.5,1
4370,10,1,2,5,2,0,0,0,0,0,0,0,0,0,0,0,0,0,0,0,0,0,0,0,0,0,0,0,0,10,0.5,1,10,0.5,1,10,0.5,1,10,0.5,1
4380,12,2,2,6,2,0,0,0,0,0,0,0,0,0,0,0,0,0,0,0,0,0,0,0,0,0,0,0,0,10,0.5,1,10,0.5,1,10,0.5,1,10,0.5,1
4390,9,1,1,5,2,0,0,0,0,0,0,0,0,0,0,0,0,0,0,0,0,0,0,0,0,0,0,0,0,10,0.5,1,10,0.5,1,10,0.5,1,10,0.5,1
4400,11,2,1,6,2,0,0,0,0,0,0,0,0,0,0,0,0,0,0,0,0,0,0,0,0,0,0,0,0,10,0.5,1,10,0.5,1,10,0.5,1,10,0.5,1
4410,10,2,0,7,1,0,0,0,0,0,0,0,0,0,0,0,0,0,0,0,0,0,0,0,0,0,0,0,0,10,0.5,1,10,0.5,1,10,0.5,1,10,0.5,1
4420,11,4,0,6,1,0,0,0,0,0,0,0,0,0,0,0,0,0,0,0,0,0,0,0,0,0,0,0,0,10,0.5,1,10,0.5,1,10,0.5,1,10,0.5,1
4430,10,4,0,5,1,0,0,0,0,0,0,0,0,0,0,0,0,0,0,0,0,0,0,0,0,0,0,0,0,10,0.5,1,10,0.5,1,10,0.5,1,10,0.5,1
4440,10,3,0,4,3,0,0,0,0,0,0,0,0,0,0,0,0,0,0,0,0,0,0,0,0,0,0,0,0,10,0.5,1,10,0.5,1,10,0.5,1,10,0.5,1
4450,10,3,0,4,3,0,0,0,0,0,0,0,0,0,0,0,0,0,0,0,0,0,0,0,0,0,0,0,0,10,0.5,1,10,0.5,1,10,0.5,1,10,0.5,1
4460,9,2,0,4,3,0,0,0,0,0,0,0,0,0,0,0,0,0,0,0,0,0,0,0,0,0,0,0,0,10,0.5,1,10,0.5,1,10,0.5,1,10,0.5,1
4470,9,2,0,4,3,0,0,0,0,0,0,0,0,0,0,0,0,0,0,0,0,0,0,0,0,0,0,0,0,10,0.5,1,10,0.5,1,10,0.5,1,10,0.5,1
4480,8,2,0,4,2,0,0,0,0,0,0,0,0,0,0,0,0,0,0,0,0,0,0,0,0,0,0,0,0,10,0.5,1,10,0.5,1,10,0.5,1,10,0.5,1
4490,8,1,0,6,1,0,0,0,0,0,0,0,0,0,0,0,0,0,0,0,0,0,0,0,0,0,0,0,0,10,0.5,1,10,0.5,1,10,0.5,1,10,0.5,1
4500,8,1,0,6,1,0,0,0,0,0,0,0,0,0,0,0,0,0,0,0,0,0,0,0,0,0,0,0,0,10,0.5,1,10,0.5,1,10,0.5,1,10,0.5,1
4510,7,1,0,5,1,0,0,0,0,0,0,0,0,0,0,0,0,0,0,0,0,0,0,0,0,0,0,0,0,10,0.5,1,10,0.5,1,10,0.5,1,10,0.5,1
4520,7,0,0,6,1,0,0,0,0,0,0,0,0,0,1.0,0,0,0,0,0,0,0,0,0,0,0,0,0,0,10,0.5,1,10,0.5,1,10,0.5,1,10,0.5,1
4530,7,0,0,5,2,0,0,0,0,0,0,0,0,0,1.0,0,0,0,0,0,0,0,0,0,0,0,0,0,0,10,0.5,1,10,0.5,1,10,0.5,1,10,0.5,1
4540,6,0,0,5,1,0,0,0,0,0,0,0,0,0,1.0,0,0,0,0,0,0,0,0,0,0,0,0,0,0,10,0.5,1,10,0.5,1,10,0.5,1,10,0.5,1
4550,6,0,0,5,1,0,0,0,0,0,0,0,0,0,1.0,0,0,0,0,0,0,0,0,0,0,0,0,0,0,10,0.5,1,10,0.5,1,10,0.5,1,10,0.5,1
4560,6,0,0,6,0,0,0,0,0,0,0,0,0,0,5.76,0,0,0,0,0,0,0,0,0,0,0,0,0,0,10,0.5,1,10,0.5,1,10,0.5,1,10,0.5,1
4570,6,0,0,6,0,0,0,0,0,0,0,0,0,0,5.72,0,0,0,0,0,0,0,0,0,0,0,0,0,0,10,0.5,1,10,0.5,1,10,0.5,1,10,0.5,1
4580,6,0,0,6,0,0,0,0,0,0,0,0,0,0,10.48,0,0,0,0,0,0,0,0,0,0,0,0,0,0,10,0.5,1,10,0.5,1,10,0.5,1,10,0.5,1
4590,7,1,0,6,0,0,0,0,0,0,0,0,0,0,10.43,0,0,0,0,0,0,0,0,0,0,0,0,0,0,10,0.5,1,10,0.5,1,10,0.5,1,10,0.5,1
4600,7,1,0,6,0,0,0,0,0,0,0,0,0,0,15.18,0,0,0,0,0,0,0,0,0,0,0,0,0,0,10,0.5,1,10,0.5,1,10,0.5,1,10,0.5,1
4610,7,1,0,6,0,0,0,0,0,0,0,0,0,0,15.14,0,0,0,0,0,0,0,0,0,0,0,0,0,0,10,0.5,1,10,0.5,1,10,0.5,1,10,0.5,1
4620,7,1,0,6,0,0,0,0,0,0,0,0,0,0,19.87,0,0,0,0,0,0,0,0,0,0,0,0,0,0,10,0.5,1,10,0.5,1,10,0.5,1,10,0.5,1
4630,7,1,0,6,0,0,0,0,0,0,0,0,0,0,24.61,0,0,0,0,0,0,0,0,0,0,0,0,0,0,10,0.5,1,10,0.5,1,10,0.5,1,10,0.5,1
4640,7,1,0,6,0,0,0,0,0,0,0,0,0,0,24.56,0,0,0,0,0,0,0,0,0,0,0,0,0,0,10,0.5,1,10,0.5,1,10,0.5,1,10,0.5,1
4650,7,1,0,6,0,0,0,0,0,0,0,0,0,0,29.29,0,0,0,0,0,0,0,0,0,0,0,0,0,0,10,0.5,1,10,0.5,1,10,0.5,1,10,0.5,1
4660,7,1,0,6,0,0,0,0,0,0,0,0,0,0,29.25,0,0,0,0,0,0,0,0,0,0,0,0,0,0,10,0.5,1,10,0.5,1,10,0.5,1,10,0.5,1
4670,7,1,0,6,0,0,0,0,0,0,0,0,0,0,29.23,0,0,0,0,0,0,0,0,0,0,0,0,0,0,10,0.5,1,10,0.5,1,10,0.5,1,10,0.5,1
4680,7,1,0,6,0,0,0,0,0,0,0,0,0,0,29.22,0,0,0,0,0,0,0,0,0,0,0,0,0,0,10,0.5,1,10,0.5,1,10,0.5,1,10,0.5,1
4690,7,1,0,6,0,0,0,0,0,0,0,0,0,0,29.21,0,0,0,0,0,0,0,0,0,0,0,0,0,0,10,0.5,1,10,0.5,1,10,0.5,1,10,0.5,1
4700,7,1,0,6,0,0,0,0,0,0,0,0,0,0,29.21,0,0,0,0,0,0,0,0,0,0,0,0,0,0,10,0.5,1,10,0.5,1,10,0.5,1,10,0.5,1
4710,7,1,0,6,0,0,0,0,0,0,0,0,0,0,29.21,0,0,0,0,0,0,0,0,0,0,0,0,0,0,10,0.5,1,10,0.5,1,10,0.5,1,10,0.5,1
4720,7,1,0,6,0,0,0,0,0,0,0,0,0,0,29.21,0,0,0,0,0,0,0,0,0,0,0,0,0,0,10,0.5,1,10,0.5,1,10,0.5,1,10,0.5,1
4730,7,1,0,6,0,0,0,0,0,0,0,0,0,0,29.21,0,0,0,0,0,0,0,0,0,0,0,0,0,0,10,0.5,1,10,0.5,1,10,0.5,1,10,0.5,1
4740,7,1,0,6,0,0,0,0,0,0,0,0,0,0,29.21,0,0,0,0,0,0,0,0,0,0,0,0,0,0,10,0.5,1,10,0.5,1,10,0.5,1,10,0.5,1
4750,7,1,0,6,0,0,0,0,0,0,0,0,0,0,29.21,0,0,0,0,0,0,0,0,0,0,0,0,0,0,10,0.5,1,10,0.5,1,10,0.5,1,10,0.5,1
4760,7,1,0,6,0,0,0,0,0,0,0,0,0,0,29.21,0,0,0,0,0,0,0,0,0,0,0,0,0,0,10,0.5,1,10,0.5,1,10,0.5,1,10,0.5,1
4770,7,1,0,6,0,0,0,0,0,0,0,0,0,0,29.21,0,0,0,0,0,0,0,0,0,0,0,0,0,0,10,0.5,1,10,0.5,1,10,0.5,1,10,0.5,1
4780,7,1,0,6,0,0,0,0,0,0,0,0,0,0,29.21,0,0,0,0,0,0,0,0,0,0,0,0,0,0,10,0.5,1,10,0.5,1,10,0.5,1,10,0.5,1
4790,7,1,0,6,0,0,0,0,0,0,0,0,0,0,29.21,0,0,0,0,0,0,0,0,0,0,0,0,0,0,10,0.5,1,10,0.5,1,10,0.5,1,10,0.5,1
4800,7,1,0,6,0,0,0,0,0,0,0,0,0,0,29.21,0,0,0,0,0,0,0,0,0,0,0,0,0,0,10,0.5,1,10,0.5,1,10,0.5,1,10,0.5,1
4810,7,1,0,6,0,0,0,0,0,0,0,0,0,0,29.21,0,0,0,0,0,0,0,0,0,0,0,0,0,0,10,0.5,1,10,0.5,1,10,0.5,1,10,0.5,1
4820,7,1,0,6,0,0,0,0,0,0,0,0,0,0,29.21,0,0,0,0,0,0,0,0,0,0,0,0,0,0,10,0.5,1,10,0.5,1,10,0.5,1,10,0.5,1
4830,7,1,0,6,0,0,0,0,0,0,0,0,0,0,29.21,0,0,0,0,0,0,0,0,0,0,0,0,0,0,10,0.5,1,10,0.5,1,10,0.5,1,10,0.5,1
4840,7,1,0,6,0,0,0,0,0,0,0,0,0,0,29.21,0,0,0,0,0,0,0,0,0,0,0,0,0,0,10,0.5,1,10,0.5,1,10,0.5,1,10,0.5,1
4850,7,1,0,6,0,0,0,0,0,0,0,0,0,0,29.21,0,0,0,0,0,0,0,0,0,0,0,0,0,0,10,0.5,1,10,0.5,1,10,0.5,1,10,0.5,1
4860,7,1,0,6,0,0,0,0,0,0,0,0,0,0,29.21,0,0,0,0,0,0,0,0,0,0,0,0,0,0,10,0.5,1,10,0.5,1,10,0.5,1,10,0.5,1
4870,7,1,0,6,0,0,0,0,0,0,0,0,0,0,29.21,0,0,0,0,0,0,0,0,0,0,0,0,0,0,10,0.5,1,10,0.5,1,10,0.5,1,10,0.5,1
4880,7,1,0,6,0,0,0,0,0,0,0,0,0,0,29.21,0,0,0,0,0,0,0,0,0,0,0,0,0,0,10,0.5,1,10,0.5,1,10,0.5,1,10,0.5,1
4890,7,1,0,6,0,0,0,0,0,0,0,0,0,0,29.21,0,0,0,0,0,0,0,0,0,0,0,0,0,0,10,0.5,1,10,0.5,1,10,0.5,1,10,0.5,1
4900,7,1,0,6,0,0,0,0,0,0,0,0,0,0,29.21,0,0,0,0,0,0,0,0,0,0,0,0,0,0,10,0.5,1,10,0.5,1,10,0.5,1,10,0.5,1
4910,7,1,0,6,0,0,0,0,0,0,0,0,0,0,29.21,0,0,0,0,0,0,0,0,0,0,0,0,0,0,10,0.5,1,10,0.5,1,10,0.5,1,10,0.5,1
4920,7,1,0,6,0,0,0,0,0,0,0,0,0,0,29.21,0,0,0,0,0,0,0,0,0,0,0,0,0,0,10,0.5,1,10,0.5,1,10,0.5,1,10,0.5,1
4930,7,1,0,6,0,0,0,0,0,0,0,0,0,0,29.21,0,0,0,0,0,0,0,0,0,0,0,0,0,0,10,0.5,1,10,0.5,1,10,0.5,1,10,0.5,1
4940,7,1,0,6,0,0,0,0,0,0,0,0,0,0,29.21,0,0,0,0,0,0,0,0,0,0,0,0,0,0,10,0.5,1,10,0.5,1,10,0.5,1,10,0.5,1
4950,7,1,0,6,0,0,0,0,0,0,0,0,0,0,29.21,0,0,0,0,0,0,0,0,0,0,0,0,0,0,10,0.5,1,10,0.5,1,10,0.5,1,10,0.5,1
4960,7,1,0,6,0,0,0,0,0,0,0,0,0,0,29.21,0,0,0,0,0,0,0,0,0,0,0,0,0,0,10,0.5,1,10,0.5,1,10,0.5,1,10,0.5,1
4970,7,1,0,6,0,0,0,0,0,0,0,0,0,0,29.21,0,0,0,0,0,0,0,0,0,0,0,0,0,0,10,0.5,1,10,0.5,1,10,0.5,1,10,0.5,1
4980,7,1,0,6,0,0,0,0,0,0,0,0,0,0,29.21,0,0,0,0,0,0,0,0,0,0,0,0,0,0,10,0.5,1,10,0.5,1,10,0.5,1,10,0.5,1
4990,7,1,0,6,0,0,0,0,0,0,0,0,0,0,29.21,0,0,0,0,0,0,0,0,0,0,0,0,0,0,10,0.5,1,10,0.5,1,10,0.5,1,10,0.5,1
5000,7,1,0,6,0,0,0,0,0,0,0,0,0,0,29.21,0,0,0,0,0,0,0,0,0,0,0,0,0,0,10,0.5,1,10,0.5,1,10,0.5,1,10,0.5,1
5010,7,1,0,6,0,0,0,0,0,0,0,0,0,0,29.21,0,0,0,0,0,0,0,0,0,0,0,0,0,0,10,0.5,1,10,0.5,1,10,0.5,1,10,0.5,1
5020,7,1,0,6,0,0,0,0,0,0,0,0,0,0,29.21,0,0,0,0,0,0,0,0,0,0,0,0,0,0,10,0.5,1,10,0.5,1,10,0.5,1,10,0.5,1
5030,7,1,0,6,0,0,0,0,0,0,0,0,0,0,29.21,0,0,0,0,0,0,0,0,0,0,0,0,0,0,10,0.5,1,10,0.5,1,10,0.5,1,10,0.5,1
5040,7,1,0,6,0,0,0,0,0,0,0,0,0,0,29.21,0,0,0,0,0,0,0,0,0,0,0,0,0,0,10,0.5,1,10,0.5,1,10,0.5,1,10,0.5,1
5050,7,1,0,6,0,0,0,0,0,0,0,0,0,0,29.21,0,0,0,0,0,0,0,0,0,0,0,0,0,0,10,0.5,1,10,0.5,1,10,0.5,1,10,0.5,1
5060,7,1,0,6,0,0,0,0,0,0,0,0,0,0,29.21,0,0,0,0,0,0,0,0,0,0,0,0,0,0,10,0.5,1,10,0.5,1,10,0.5,1,10,0.5,1
5070,7,1,0,6,0,0,0,0,0,0,0,0,0,0,29.21,0,0,0,0,0,0,0,0,0,0,0,0,0,0,10,0.5,1,10,0.5,1,10,0.5,1,10,0.5,1
5080,7,1,0,6,0,0,0,0,0,0,0,0,0,0,29.21,0,0,0,0,0,0,0,0,0,0,0,0,0,0,10,0.5,1,10,0.5,1,10,0.5,1,10,0.5,1
5090,7,1,0,6,0,0,0,0,0,0,0,0,0,0,29.21,0,0,0,0,0,0,0,0,0,0,0,0,0,0,10,0.5,1,10,0.5,1,10,0.5,1,10,0.5,1
5100,7,1,0,6,0,0,0,0,0,0,0,0,0,0,29.21,0,0,0,0,0,0,0,0,0,0,0,0,0,0,10,0.5,1,10,0.5,1,10,0.5,1,10,0.5,1
5110,7,1,0,6,0,0,0,0,0,0,0,0,0,0,29.21,0,0,0,0,0,0,0,0,0,0,0,0,0,0,10,0.5,1,10,0.5,1,10,0.5,1,10,0.5,1
5120,7,1,0,6,0,0,0,0,0,0,0,0,0,0,29.21,0,0,0,0,0,0,0,0,0,0,0,0,0,0,10,0.5,1,10,0.5,1,10,0.5,1,10,0.5,1
5130,7,1,0,6,0,0,0,0,0,0,0,0,0,0,29.21,0,0,0,0,0,0,0,0,0,0,0,0,0,0,10,0.5,1,10,0.5,1,10,0.5,1,10,0.5,1
5140,7,1,0,6,0,0,0,0,0,0,0,0,0,0,29.21,0,0,0,0,0,0,0,0,0,0,0,0,0,0,10,0.5,1,10,0.5,1,10,0.5,1,10,0.5,1
5150,7,1,0,6,0,0,0,0,0,0,0,0,0,0,29.21,0,0,0,0,0,0,0,0,0,0,0,0,0,0,10,0.5,1,10,0.5,1,10,0.5,1,10,0.5,1
5160,7,1,0,6,0,0,0,0,0,0,0,0,0,0,29.21,0,0,0,0,0,0,0,0,0,0,0,0,0,0,10,0.5,1,10,0.5,1,10,0.5,1,10,0.5,1
5170,7,1,0,6,0,0,0,0,0,0,0,0,0,0,29.21,0,0,0,0,0,0,0,0,0,0,0,0,0,0,10,0.5,1,10,0.5,1,10,0.5,1,10,0.5,1
5180,7,1,0,6,0,0,0,0,0,0,0,0,0,0,29.21,0,0,0,0,0,0,0,0,0,0,0,0,0,0,10,0.5,1,10,0.5,1,10,0.5,1,10,0.5,1
5190,7,1,0,6,0,0,0,0,0,0,0,0,0,0,29.21,0,0,0,0,0,0,0,0,0,0,0,0,0,0,10,0.5,1,10,0.5,1,10,0.5,1,10,0.5,1
5200,7,1,0,6,0,0,0,0,0,0,0,0,0,0,29.21,0,0,0,0,0,0,0,0,0,0,0,0,0,0,10,0.5,1,10,0.5,1,10,0.5,1,10,0.5,1
5210,7,1,0,6,0,0,0,0,0,0,0,0,0,0,29.21,0,0,0,0,0,0,0,0,0,0,0,0,0,0,10,0.5,1,10,0.5,1,10,0.5,1,10,0.5,1
5220,7,1,0,6,0,0,0,0,0,0,0,0,0,0,29.21,0,0,0,0,0,0,0,0,0,0,0,0,0,0,10,0.5,1,10,0.5,1,10,0.5,1,10,0.5,1
5230,7,1,0,6,0,0,0,0,0,0,0,0,0,0,29.21,0,0,0,0,0,0,0,0,0,0,0,0,0,0,10,0.5,1,10,0.5,1,10,0.5,1,10,0.5,1
5240,7,1,0,6,0,0,0,0,0,0,0,0,0,0,29.21,0,0,0,0,0,0,0,0,0,0,0,0,0,0,10,0.5,1,10,0.5,1,10,0.5,1,10,0.5,1
5250,7,1,0,6,0,0,0,0,0,0,0,0,0,0,29.21,0,0,0,0,0,0,0,0,0,0,0,0,0,0,10,0.5,1,10,0.5,1,10,0.5,1,10,0.5,1
5260,7,1,0,6,0,0,0,0,0,0,0,0,0,0,29.21,0,0,0,0,0,0,0,0,0,0,0,0,0,0,10,0.5,1,10,0.5,1,10,0.5,1,10,0.5,1
5270,7,1,0,6,0,0,0,0,0,0,0,0,0,0,29.21,0,0,0,0,0,0,0,0,0,0,0,0,0,0,10,0.5,1,10,0.5,1,10,0.5,1,10,0.5,1
5280,7,1,0,6,0,0,0,0,0,0,0,0,0,0,29.21,0,0,0,0,0,0,0,0,0,0,0,0,0,0,10,0.5,1,10,0.5,1,10,0.5,1,10,0.5,1
5290,7,1,0,6,0,0,0,0,0,0,0,0,0,0,29.21,0,0,0,0,0,0,0,0,0,0,0,0,0,0,10,0.5,1,10,0.5,1,10,0.5,1,10,0.5,1
5300,7,1,0,6,0,0,0,0,0,0,0,0,0,0,29.21,0,0,0,0,0,0,0,0,0,0,0,0,0,0,10,0.5,1,10,0.5,1,10,0.5,1,10,0.5,1
5310,7,1,0,6,0,0,0,0,0,0,0,0,0,0,29.21,0,0,0,0,0,0,0,0,0,0,0,0,0,0,10,0.5,1,10,0.5,1,10,0.5,1,10,0.5,1
5320,7,1,0,6,0,0,0,0,0,0,0,0,0,0,29.21,0,0,0,0,0,0,0,0,0,0,0,0,0,0,10,0.5,1,10,0.5,1,10,0.5,1,10,0.5,1
5330,7,1,0,6,0,0,0,0,0,0,0,0,0,0,29.21,0,0,0,0,0,0,0,0,0,0,0,0,0,0,10,0.5,1,10,0.5,1,10,0.5,1,10,0.5,1
5340,7,1,0,6,0,0,0,0,0,0,0,0,0,0,29.21,0,0,0,0,0,0,0,0,0,0,0,0,0,0,10,0.5,1,10,0.5,1,10,0.5,1,10,0.5,1
5350,7,1,0,6,0,0,0,0,0,0,0,0,0,0,29.21,0,0,0,0,0,0,0,0,0,0,0,0,0,0,10,0.5,1,10,0.5,1,10,0.5,1,10,0.5,1
5360,7,1,0,6,0,0,0,0,0,0,0,0,0,0,29.21,0,0,0,0,0,0,0,0,0,0,0,0,0,0,10,0.5,1,10,0.5,1,10,0.5,1,10,0.5,1
5370,7,1,0,6,0,0,0,0,0,0,0,0,0,0,29.21,0,0,0,0,0,0,0,0,0,0,0,0,0,0,10,0.5,1,10,0.5,1,10,0.5,1,10,0.5,1
5380,7,1,0,6,0,0,0,0,0,0,0,0,0,0,29.21,0,0,0,0,0,0,0,0,0,0,0,0,0,0,10,0.5,1,10,0.5,1,10,0.5,1,10,0.5,1
5390,7,1,0,6,0,0,0,0,0,0,0,0,0,0,29.21,0,0,0,0,0,0,0,0,0,0,0,0,0,0,10,0.5,1,10,0.5,1,10,0.5,1,10,0.5,1
5400,7,1,0,6,0,0,0,0,0,0,0,0,0,0,29.21,0,0,0,0,0,0,0,0,0,0,0,0,0,0,10,0.5,1,10,0.5,1,10,0.5,1,10,0.5,1
5410,7,1,0,6,0,0,0,0,0,0,0,0,0,0,29.21,0,0,0,0,0,0,0,0,0,0,0,0,0,0,10,0.5,1,10,0.5,1,10,0.5,1,10,0.5,1
5420,7,1,0,6,0,0,0,0,0,0,0,0,0,0,29.21,0,0,0,0,0,0,0,0,0,0,0,0,0,0,10,0.5,1,10,0.5,1,10,0.5,1,10,0.5,1
5430,7,1,0,6,0,0,0,0,0,0,0,0,0,0,29.21,0,0,0,0,0,0,0,0,0,0,0,0,0,0,10,0.5,1,10,0.5,1,10,0.5,1,10,0.5,1
5440,7,1,0,6,0,0,0,0,0,0,0,0,0,0,29.21,0,0,0,0,0,0,0,0,0,0,0,0,0,0,10,0.5,1,10,0.5,1,10,0.5,1,10,0.5,1
5450,7,1,0,6,0,0,0,0,0,0,0,0,0,0,29.21,0,0,0,0,0,0,0,0,0,0,0,0,0,0,10,0.5,1,10,0.5,1,10,0.5,1,10,0.5,1
5460,7,1,0,6,0,0,0,0,0,0,0,0,0,0,29.21,0,0,0,0,0,0,0,0,0,0,0,0,0,0,10,0.5,1,10,0.5,1,10,0.5,1,10,0.5,1
5470,7,1,0,6,0,0,0,0,0,0,0,0,0,0,29.21,0,0,0,0,0,0,0,0,0,0,0,0,0,0,10,0.5,1,10,0.5,1,10,0.5,1,10,0.5,1
5480,7,1,0,6,0,0,0,0,0,0,0,0,0,0,29.21,0,0,0,0,0,0,0,0,0,0,0,0,0,0,10,0.5,1,10,0.5,1,10,0.5,1,10,0.5,1
5490,7,1,0,6,0,0,0,0,0,0,0,0,0,0,29.21,0,0,0,0,0,0,0,0,0,0,0,0,0,0,10,0.5,1,10,0.5,1,10,0.5,1,10,0.5,1
5500,7,1,0,6,0,0,0,0,0,0,0,0,0,0,29.21,0,0,0,0,0,0,0,0,0,0,0,0,0,0,10,0.5,1,10,0.5,1,10,0.5,1,10,0.5,1
5510,7,1,0,6,0,0,0,0,0,0,0,0,0,0,29.21,0,0,0,0,0,0,0,0,0,0,0,0,0,0,10,0.5,1,10,0.5,1,10,0.5,1,10,0.5,1
5520,7,1,0,6,0,0,0,0,0,0,0,0,0,0,29.21,0,0,0,0,0,0,0,0,0,0,0,0,0,0,10,0.5,1,10,0.5,1,10,0.5,1,10,0.5,1
5530,7,1,0,6,0,0,0,0,0,0,0,0,0,0,29.21,0,0,0,0,0,0,0,0,0,0,0,0,0,0,10,0.5,1,10,0.5,1,10,0.5,1,10,0.5,1
5540,7,1,0,6,0,0,0,0,0,0,0,0,0,0,29.21,0,0,0,0,0,0,0,0,0,0,0,0,0,0,10,0.5,1,10,0.5,1,10,0.5,1,10,0.5,1
5550,7,1,0,6,0,0,0,0,0,0,0,0,0,0,29.21,0,0,0,0,0,0,0,0,0,0,0,0,0,0,10,0.5,1,10,0.5,1,10,0.5,1,10,0.5,1
5560,7,1,0,6,0,0,0,0,0,0,0,0,0,0,29.21,0,0,0,0,0,0,0,0,0,0,0,0,0,0,10,0.5,1,10,0.5,1,10,0.5,1,10,0.5,1
5570,7,1,0,6,0,0,0,0,0,0,0,0,0,0,29.21,0,0,0,0,0,0,0,0,0,0,0,0,0,0,10,0.5,1,10,0.5,1,10,0.5,1,10,0.5,1
5580,7,1,0,6,0,0,0,0,0,0,0,0,0,0,29.21,0,0,0,0,0,0,0,0,0,0,0,0,0,0,10,0.5,1,10,0.5,1,10,0.5,1,10,0.5,1
5590,7,1,0,6,0,0,0,0,0,0,0,0,0,0,29.21,0,0,0,0,0,0,0,0,0,0,0,0,0,0,10,0.5,1,10,0.5,1,10,0.5,1,10,0.5,1
5600,7,1,0,6,0,0,0,0,0,0,0,0,0,0,29.21,0,0,0,0,0,0,0,0,0,0,0,0,0,0,10,0.5,1,10,0.5,1,10,0.5,1,10,0.5,1
5610,6,1,0,5,0,0,0,0,0,0,0,0,0,0,29.21,0,0,0,0,0,0,0,0,0,0,0,0,0,0,10,0.5,1,10,0.5,1,10,0.5,1,10,0.5,1
5620,6,1,0,5,0,0,0,0,0,0,0,0,0,0,29.2,0,0,0,0,0,0,0,0,0,0,0,0,0,0,10,0.5,1,10,0.5,1,10,0.5,1,10,0.5,1
5630,5,1,0,4,0,0,0,0,0,0,0,0,0,0,0,0,0,0,0,0,0,0,0,0,0,0,0,0,0,10,0.5,1,10,0.5,1,10,0.5,1,10,0.5,1
5640,5,1,0,4,0,0,0,0,0,0,0,0,0,0,0,0,0,0,0,0,0,0,0,0,0,0,0,0,0,10,0.5,1,10,0.5,1,10,0.5,1,10,0.5,1
5650,5,1,0,4,0,0,0,0,0,0,0,0,0,0,0,0,0,0,0,0,0,0,0,0,0,0,0,0,0,10,0.5,1,10,0.5,1,10,0.5,1,10,0.5,1
5660,4,1,0,3,0,0,0,0,0,0,0,0,0,0,0,0,0,0,0,0,0,0,0,0,0,0,0,0,0,10,0.5,1,10,0.5,1,10,0.5,1,10,0.5,1
5670,4,1,0,3,0,0,0,0,0,0,0,0,0,0,0,0,0,0,0,0,0,0,0,0,0,0,0,0,0,10,0.5,1,10,0.5,1,10,0.5,1,10,0.5,1
5680,3,1,0,2,0,0,0,0,0,0,0,0,0,0,0,0,0,0,0,0,0,0,0,0,0,0,0,0,0,10,0.5,1,10,0.5,1,10,0.5,1,10,0.5,1
5690,3,1,0,2,0,0,0,0,0,0,0,0,0,0,0,0,0,0,0,0,0,0,0,0,0,0,0,0,0,10,0.5,1,10,0.5,1,10,0.5,1,10,0.5,1
5700,1,0,0,1,0,0,0,0,0,0,0,0,0,0,0,0,0,0,0,0,0,0,0,0,0,0,0,0,0,10,0.5,1,10,0.5,1,10,0.5,1,10,0.5,1
5710,2,0,0,2,0,0,0,0,0,0,0,0,0,0,0,0,0,0,0,0,0,0,0,0,0,0,0,0,0,10,0.5,1,10,0.5,1,10,0.5,1,10,0.5,1
5720,1,0,0,1,0,0,0,0,0,0,0,0,0,0,0,0,0,0,0,0,0,0,0,0,0,0,0,0,0,10,0.5,1,10,0.5,1,10,0.5,1,10,0.5,1
5730,1,1,0,0,0,0,0,0,0,0,0,0,0,0,0,0,0,0,0,0,0,0,0,0,0,0,0,0,0,10,0.5,1,10,0.5,1,10,0.5,1,10,0.5,1
5740,1,1,0,0,0,0,0,0,0,0,0,0,0,0,0,0,0,0,0,0,0,0,0,0,0,0,0,0,0,10,0.5,1,10,0.5,1,10,0.5,1,10,0.5,1
5750,1,1,0,0,0,0,0,0,0,0,0,0,0,0,0,0,0,0,0,0,0,0,0,0,0,0,0,0,0,10,0.5,1,10,0.5,1,10,0.5,1,10,0.5,1
5760,0,0,0,0,0,0,0,0,0,0,0,0,0,0,0,0,0,0,0,0,0,0,0,0,0,0,0,0,0,10,0.5,1,10,0.5,1,10,0.5,1,10,0.5,1
5770,0,0,0,0,0,0,0,0,0,0,0,0,0,0,0,0,0,0,0,0,0,0,0,0,0,0,0,0,0,10,0.5,1,10,0.5,1,10,0.5,1,10,0.5,1
5780,0,0,0,0,0,0,0,0,0,0,0,0,0,0,0,0,0,0,0,0,0,0,0,0,0,0,0,0,0,10,0.5,1,10,0.5,1,10,0.5,1,10,0.5,1
5790,0,0,0,0,0,0,0,0,0,0,0,0,0,0,0,0,0,0,0,0,0,0,0,0,0,0,0,0,0,10,0.5,1,10,0.5,1,10,0.5,1,10,0.5,1
5800,0,0,0,0,0,0,0,0,0,0,0,0,0,0,0,0,0,0,0,0,0,0,0,0,0,0,0,0,0,10,0.5,1,10,0.5,1,10,0.5,1,10,0.5,1
5810,0,0,0,0,0,0,0,0,0,0,0,0,0,0,0,0,0,0,0,0,0,0,0,0,0,0,0,0,0,10,0.5,1,10,0.5,1,10,0.5,1,10,0.5,1
5820,0,0,0,0,0,0,0,0,0,0,0,0,0,0,0,0,0,0,0,0,0,0,0,0,0,0,0,0,0,10,0.5,1,10,0.5,1,10,0.5,1,10,0.5,1
5830,0,0,0,0,0,0,0,0,0,0,0,0,0,0,0,0,0,0,0,0,0,0,0,0,0,0,0,0,0,10,0.5,1,10,0.5,1,10,0.5,1,10,0.5,1
5840,0,0,0,0,0,0,0,0,0,0,0,0,0,0,0,0,0,0,0,0,0,0,0,0,0,0,0,0,0,10,0.5,1,10,0.5,1,10,0.5,1,10,0.5,1
5850,0,0,0,0,0,0,0,0,0,0,0,0,0,0,0,0,0,0,0,0,0,0,0,0,0,0,0,0,0,10,0.5,1,10,0.5,1,10,0.5,1,10,0.5,1
